tradingdate,symbol,exchangeCD,R1,R2,R3,R4
2014-03-21,HC,XSGE,-0.0861005193191695,-0.0362321358760257,-0.0441726462577256,-0.0478004734609123
2014-03-24,HC,XSGE,-0.0214271097322616,-0.0120260513554181,-0.0332336458524213,-0.0334802940841364
2014-03-25,HC,XSGE,-0.0985883210320626,-0.0332199777390646,-0.00895752161183256,-0.0329441265792586
2014-03-26,HC,XSGE,-0.0210692454940324,-0.0212602603068883,-0.0142213942351891,-0.0398500556702168
2014-03-27,HC,XSGE,-0.0140419736958037,-0.0141777088496222,-0.013328585113283,-0.0375613816686499
2014-03-28,HC,XSGE,-0.028033807406301,-0.0188699109798525,-0.0194850807428752,-0.0398030202915648
2014-03-31,HC,XSGE,0.0138764819224929,-0.00700334039638626,-0.00176092032028862,-0.0532854725232508
2014-04-01,HC,XSGE,0.0346401942957754,-0.00233033269803806,-0.015737275188833,-0.0578178595215176
2014-04-02,HC,XSGE,0.0208331405842684,-0.0116722393822721,-0.0201382834805094,-0.0601481922195557
2014-04-03,HC,XSGE,0.0900119150835755,0.0186372218447344,-0.0113491768842859,-0.0556510535047714
2014-04-04,HC,XSGE,-0.0206746208492425,-0.00928588207260523,-0.0139560348882107,-0.0552634537869536
2014-04-08,HC,XSGE,-0.0544787255259136,-0.0206456214607051,-0.0189575325575327,-0.0319033759714431
2014-04-09,HC,XSGE,0.0476550837537081,0.00458128377043008,-0.0120360551341585,-0.0387733193405857
2014-04-10,HC,XSGE,0.0136354312267534,0,-0.016358224102747,-0.038840305700779
2014-04-11,HC,XSGE,0.0272866716526543,0.0184102015013464,-0.016358224102747,-0.0413034635490349
2014-04-14,HC,XSGE,0.1020005820221,0.0366717000719463,-0.00686588303121902,-0.0389524654721221
2014-04-15,HC,XSGE,0.162779462000716,0.0756152909199552,0.0060024795215622,-0.043711914948512
2014-04-16,HC,XSGE,0.163438509284213,0.0736000943282431,0.00536680870843647,-0.0415679259385509
2014-04-17,HC,XSGE,0.182654180538353,0.103114443293865,0.0160451911460963,-0.039269987093916
2014-04-18,HC,XSGE,0.138358743079488,0.0630684845549699,0.0038962203508929,-0.0351617483599321
2014-04-21,HC,XSGE,0.138358743079488,0.0866839787121743,0.012508230757997,-0.0330224726114278
2014-04-22,HC,XSGE,0.152105613932838,0.0984282229594917,0.0203619699294351,-0.0212983044983544
2014-04-23,HC,XSGE,0.158973035269779,0.0841670263120898,0.017198929837301,-0.0165062580625505
2014-04-24,HC,XSGE,0.117294430515901,0.0582593626550654,0.00857170823698572,-0.0163990426167806
2014-04-25,HC,XSGE,0.165254552015496,0.0720729638317431,0.0124352528527714,-0.0187251854594966
2014-04-28,HC,XSGE,0.0829171986540571,0.0915321644454223,0.0212012452067637,-0.0118535830763266
2014-04-29,HC,XSGE,-0.0275742363695079,0.0632920750602212,0.0149192358013295,-0.0023622455621038
2014-04-30,HC,XSGE,-0.0690570516169466,0.0658893889769118,0.0213269620656246,0.0142626563588993
2014-05-05,HC,XSGE,0.0277366289596033,0.0706379129481478,0.0213269620656246,0.0166647344513492
2014-05-06,HC,XSGE,0,0.0587772425171364,0.0213269620656246,0.0237569051444255
2014-05-07,HC,XSGE,0,0.0706379129481478,0.0213269620656246,0.0310047186331213
2014-05-08,HC,XSGE,-0.00692803406183015,0.0921317143183748,0.0205431333943957,0.0239722258307207
2014-05-09,HC,XSGE,-0.118334599565416,0.0569832604362148,0.00793874094690964,0.0191777596594117
2014-05-12,HC,XSGE,-0.118334599565416,0.0593754168574098,0.0071427344766639,0.0143833074915821
2014-05-13,HC,XSGE,-0.152913753783426,0.0402784302648555,0.0071427344766639,0.0143141152425283
2014-05-14,HC,XSGE,-0.0695465314876596,0.06875245122165,0.0110944335725035,0.00239215642119498
2014-05-15,HC,XSGE,-0.0903306384704833,0.0759332519228774,0.0110944335725035,0.00719382119919292
2014-05-16,HC,XSGE,-0.0903306384704833,0.124140300733931,0.0099995881541643,0.00242579726563487
2014-05-19,HC,XSGE,-0.0903306384704833,0.12899337938721,0.0150307869337653,-0.00727739361068513
2014-05-20,HC,XSGE,-0.0487256709808717,0.133852401800277,0.0200831570359847,0.00243174466965718
2014-05-21,HC,XSGE,0,0.122009588789237,0.0143449483510132,-0.00485604871439941
2014-05-22,HC,XSGE,-0.110947285454649,0.104661475415631,0.0186152239658794,0.00241105525764256
2014-05-23,HC,XSGE,-0.110947285454649,0.11431450038296,0.0186152239658794,-0.00241545901181007
2014-05-26,HC,XSGE,0.0893290051537344,0.145651798380154,0.0397417143934718,-0.00478287135002603
2014-05-27,HC,XSGE,0.18477753578409,0.139711313002603,0.0415640305088229,0.00711639886651832
2014-05-28,HC,XSGE,0.18477753578409,0.168253819594119,0.0415640305088229,0.00955998367235125
2014-05-29,HC,XSGE,0.461522065627967,0.205537680040579,0.0477797021717502,0.00719817186453685
2014-05-30,HC,XSGE,0.427697872448621,0.24237675228591,0.050799214904508,-0.00727294668267757
2014-06-03,HC,XSGE,0.336722967464548,0.24237675228591,0.050799214904508,0
2014-06-04,HC,XSGE,0.350673435386112,0.244804033673554,0.0515201142925641,0
2014-06-05,HC,XSGE,0.350673435386112,0.249663056086621,0.0493587133583076,-0.0121364160237517
2014-06-06,HC,XSGE,0.350673435386112,0.24237675228591,0.0457650025199242,-0.0169495156366524
2014-06-09,HC,XSGE,0.350673435386112,0.247232801000309,0.0479199379977151,-0.0145503511660666
2014-06-10,HC,XSGE,0.350673435386112,0.264275931923012,0.050799214904508,-0.0146128758363911
2014-06-11,HC,XSGE,0.0407177127928715,0.252094800756278,0.050799214904508,-0.0121438457360034
2014-06-12,HC,XSGE,0.0407177127928715,0.274047836627631,0.050799214904508,-0.0122111247656842
2014-06-13,HC,XSGE,0.115734548678591,0.271602603080675,0.050799214904508,-0.0097658912187289
2014-06-16,HC,XSGE,0.288026085736242,0.293664150036265,0.0515201142925641,0.00245887290446162
2014-06-17,HC,XSGE,0.22571030255863,0.291206800125344,0.0466134367408914,0.00245734991092174
2014-06-18,HC,XSGE,0.516230077678546,0.384990464096977,0.0712794676860821,-0.00243472932117944
2014-06-19,HC,XSGE,0.587829971013643,0.394413340236745,0.0759356947890024,0.00485307865327966
2014-06-20,HC,XSGE,0.542130243645581,0.381440316324011,0.0717193508949253,0.00728630380071132
2014-06-23,HC,XSGE,-0.0203764577219823,0.202054112806069,0.029885728906579,0
2014-06-24,HC,XSGE,-0.0203764577219823,0.214124068280278,0.0370006127875911,0.0145325851297725
2014-06-25,HC,XSGE,-0.0407882401499829,0.204829254563963,0.0351173828611982,0.0169495156366524
2014-06-26,HC,XSGE,-0.206862787666054,0.219171340551255,0.0476110171093796,0.016816094888445
2014-06-27,HC,XSGE,-0.0738617358244685,0.212110778890817,0.046989736266703,0.014392003585313
2014-06-30,HC,XSGE,0.369003248900272,0.390173429101196,0.0878493033097594,0.007241969709687
2014-07-01,HC,XSGE,0.369003248900272,0.399832329317763,0.0910988107397255,0.00968247290673217
2014-07-02,HC,XSGE,0.328909475032812,0.38053798707461,0.0865522171570738,0.0144619527244626
2014-07-03,HC,XSGE,0.0585296659205809,0.358943424090815,0.0788020568845631,0.00718513562704523
2014-07-04,HC,XSGE,0.0977117105601352,0.37092588957004,0.0788020568845631,0.00240084201235683
2014-07-07,HC,XSGE,0.288951766270422,0.382944654606305,0.0788020568845631,0.00722877449489073
2014-07-08,HC,XSGE,0.288951766270422,0.38053798707461,0.0788020568845631,0.00240666753169496
2014-07-09,HC,XSGE,0.288951766270422,0.368526499533588,0.0788020568845631,0.00960627903792154
2014-07-10,HC,XSGE,0.288951766270422,0.351771277568099,0.0788020568845631,0.00477999010152094
2014-07-11,HC,XSGE,0.288951766270422,0.33984643749826,0.0788020568845631,0.0167048301713593
2014-07-14,HC,XSGE,0.288951766270422,0.311372215002249,0.0788020568845631,0.0165851176912169
2014-07-15,HC,XSGE,0.288951766270422,0.301926040767517,0.0788020568845631,0.0189148930594305
2014-07-16,HC,XSGE,0.530336235875491,0.329902298531044,0.0524550489785333,0.00710789913206186
2014-07-17,HC,XSGE,0.459907470557546,0.294507565581663,0.0387946914667233,0.00715490059445219
2014-07-18,HC,XSGE,0.501983251659651,0.348658220741824,0.0387946914667233,-0.00720688900146943
2014-07-21,HC,XSGE,0.346528647212581,0.291594079378886,0.0230614169602517,0.0120994034136121
2014-07-22,HC,XSGE,-0.01405874023556,0.104567042052965,-0.00910142155349086,0.00482651069787693
2014-07-23,HC,XSGE,0.0140755468626473,0.122781992366868,-0.00910142155349086,0.0024198788821926
2014-07-24,HC,XSGE,-0.056471060521773,0.0796378024525413,-0.0156491605622245,0.0169495156366524
2014-07-25,HC,XSGE,-0.0353261397564006,0.065079141846077,-0.0156491605622245,0.0169082381523148
2014-07-28,HC,XSGE,0.0709718456804483,0.0614450047423408,-0.0156491605622245,0.0168979501758604
2014-07-29,HC,XSGE,-0.0775780758217515,0.0252245154659985,-0.0156491605622245,0.0192009633308916
2014-07-30,HC,XSGE,0,0.0648831164872643,-0.0123703871117801,0.0192709124700412
2014-07-31,HC,XSGE,0.333287592334366,0.132934583409685,-0.00259268062597293,0.0265863342440853
2014-08-01,HC,XSGE,0.211644887574255,0.158420016461803,-0.00259268062597293,0.0242654658843945
2014-08-04,HC,XSGE,0.140673041893807,0.136568720513422,-0.00259268062597293,0.0169082381523148
2014-08-05,HC,XSGE,0.0982943750931214,0.0822870671143757,-0.00259268062597293,0.0167552219654891
2014-08-06,HC,XSGE,0.140673041893807,0.0714895786673445,-0.00259268062597293,0.011939194397922
2014-08-07,HC,XSGE,0.00707371216732742,-0.017941862190723,-0.0149926184149576,0.0238282476301916
2014-08-08,HC,XSGE,0.0212338985383742,0.00359483733093689,-0.0149926184149576,0.0383325813346073
2014-08-11,HC,XSGE,0.0212338985383742,0.0179958227597299,-0.0149926184149576,0.0263774343338213
2014-08-12,HC,XSGE,0.0212338985383742,0.0324315512509654,-0.0149926184149576,0.0385186647428283
2014-08-13,HC,XSGE,0.0496054629853522,0.0179958227597299,-0.0149926184149576,0.043254846070094
2014-08-14,HC,XSGE,0.0496054629853522,0.0577781827386079,-0.0149926184149576,0.0459782119234598
2014-08-15,HC,XSGE,0.0496054629853522,0.108795843694495,-0.0136970469872712,0.0390158404739921
2014-08-18,HC,XSGE,0.125392642695973,0.125392642695973,0.00328091316693072,0.0486504110256715
2014-08-19,HC,XSGE,0.110573314838658,0.110573314838658,0.00328091316693072,0.0534828005443615
2014-08-20,HC,XSGE,0.155085559609952,0.155085559609952,0.00328091316693072,0.0512243312596105
2014-08-21,HC,XSGE,0.184851119818101,0.184851119818101,0.00328091316693072,0.0538125442893869
2014-08-22,HC,XSGE,0.229636446460455,0.229636446460455,0.00328091316693072,0.0367467088657523
2014-08-25,HC,XSGE,0.380122801152348,0.380122801152348,0.0131835298155117,0.0222818194034971
2014-08-26,HC,XSGE,0.471316232461586,0.471316232461586,0.0145107254892258,0.0399992429522344
2014-08-27,HC,XSGE,0.501866572849,0.501866572849,0.0251870721015338,0.0628361456768376
2014-08-28,HC,XSGE,0.312863481266136,0.312863481266136,0.0101367098557812,0.0609598365041382
2014-08-29,HC,XSGE,0.289696225773574,0.0998302083512385,0.0101367098557812,0.0379173765830857
2014-09-01,HC,XSGE,0.281983600053064,0.0940896182714244,0.00810178664354051,0.0328198416034983
2014-09-02,HC,XSGE,0.320595713281498,0.122903355707908,0.0142180278330585,0.0584384564991286
2014-09-03,HC,XSGE,0.476281352181508,0.153946988617116,0.0224269549855429,0.048837957020031
2014-09-04,HC,XSGE,0.546995145043094,0.16959044009434,0.0376396857910967,0.0465236884806154
2014-09-05,HC,XSGE,0.66577252835362,0.185316117712553,0.0376396857910967,0.0286455490252485
2014-09-09,HC,XSGE,0.834033359581072,0.234998482892722,0.0672873998837246,0.0396610231030431
2014-09-10,HC,XSGE,1.04563289590882,0.265208802985596,0.0672873998837246,0.0107226857280224
2014-09-11,HC,XSGE,1.05384529356565,0.279412032747473,0.0708714002439486,0.0268794476980665
2014-09-12,HC,XSGE,1.02102891044281,0.271287646821603,0.0708714002439486,0.0268067999886019
2014-09-15,HC,XSGE,0.906863640242282,0.234998482892722,0.0708714002439486,0.0159120185396053
2014-09-16,HC,XSGE,-0.343956584524708,0,-0.0281889933920658,-0
2014-09-17,HC,XSGE,-0.403582637607431,0.0053649653940763,-0.0340626045912595,0.0053649653940763
2014-09-18,HC,XSGE,-0.44101281228161,0.0134716302762536,-0.0377497561263278,0.0134716302762536
2014-09-19,HC,XSGE,-0.561647748392644,0.027286155040952,-0.0352684247398627,0.027286155040952
2014-09-22,HC,XSGE,-0.562334213945081,0.0723894987298751,-0.0187793728351747,0.0723894987298751
2014-09-23,HC,XSGE,-0.566188290492188,0.0999535629805943,-0.0119814511995635,0.0999535629805943
2014-09-24,HC,XSGE,-0.571907625679744,0.0940708675611971,-0.00897371364064727,0.0940708675611971
2014-09-25,HC,XSGE,-0.573834751951655,0.119768888640554,-0.0104981757434039,0.119768888640554
2014-09-26,HC,XSGE,-0.57860783632809,0.151183183879748,0.00817818553180599,0.151183183879748
2014-09-29,HC,XSGE,-0.347937661214001,0.276175210709588,0.030900919199761,0.276175210709588
2014-09-30,HC,XSGE,-0.34567207209085,0.282728285954829,0.0373848743907593,0.282728285954829
2014-10-08,HC,XSGE,-0.344833798108063,0.0477497106700076,-0.0302462792046676,0.0477497106700076
2014-10-09,HC,XSGE,0.0826824554832106,0.238004163824968,0.0118672621938757,0.238004163824968
2014-10-10,HC,XSGE,0.0851117642714219,0.0528807792187005,-0.0195643089501409,0.0528807792187005
2014-10-13,HC,XSGE,0.0851117642714219,-0.0494556566570102,-0.0195643089501409,0.109840947068463
2014-10-14,HC,XSGE,-0.34152097200062,-0.041255740604654,-0.0195643089501409,0.0759898846886763
2014-10-15,HC,XSGE,-0.34152097200062,-0.0385186647428353,-0.0195643089501409,0.161664525346201
2014-10-16,HC,XSGE,0.150601160513686,0.195332815991308,0.0263116255037474,0.0983618382827413
2014-10-17,HC,XSGE,0.150601160513686,0.208288717434307,0.0270727176700816,0.0985697272673171
2014-10-20,HC,XSGE,0.150601160513686,0.165207480117002,0.0270727176700816,0.0978801575203148
2014-10-21,HC,XSGE,0.150601160513686,0.156627117190944,0.0270727176700816,0.097743399752933
2014-10-22,HC,XSGE,0.150601160513686,0.212613387780268,0.0270727176700816,0.0943171347604556
2014-10-23,HC,XSGE,0.150601160513686,0.251672069682829,0.0270727176700816,0.0905723926703176
2014-10-24,HC,XSGE,0.150601160513686,0.238625089779277,0.0270727176700816,0.0903801555392162
2014-10-27,HC,XSGE,0.150601160513686,0.203967068164625,0.0270727176700816,0.269256416248722
2014-10-28,HC,XSGE,0.156008298392437,0.0130012811661613,0.00153977278721775,0.270414888972571
2014-10-29,HC,XSGE,0.156008298392437,0.0173411204728426,0.00153977278721775,0.0451581288558573
2014-10-30,HC,XSGE,-0.351000050152732,0.00433072518768354,-0.00307309100265415,0.0385840268955864
2014-10-31,HC,XSGE,-0.350516020677176,0.0129830911826476,-0.00153547174451295,0.0493892484422043
2014-11-03,HC,XSGE,-0.350516020677176,0.0477384673019919,-0.00153547174451295,0.0474932762297182
2014-11-04,HC,XSGE,-0.350516020677176,0.0564579059236932,-0.00153547174451295,0.0584745669712492
2014-11-05,HC,XSGE,0.0639230702983299,0.060822238152645,-0.00153547174451295,0.0672818489866973
2014-11-06,HC,XSGE,0.0639230702983299,0.0651896514494365,-0.00153547174451295,0.0739254876917363
2014-11-07,HC,XSGE,0.0639230702983299,0.0564579059236932,-0.00153547174451295,0.0738199448648105
2014-11-10,HC,XSGE,-0.438894083165148,-0.0215781198114804,-0.00153547174451295,0.0815739315605087
2014-11-11,HC,XSGE,-0.438894083165148,0,-0.00153547174451295,0.077498884457162
2014-11-12,HC,XSGE,-0.438894083165148,-0.0516616002433638,-0.00153547174451295,0.0855057476255389
2014-11-13,HC,XSGE,-0.438894083165148,-0.00864028168098812,-0.00153547174451295,0.0795673978719732
2014-11-14,HC,XSGE,-0.837889206610798,-0.0129559014429989,-0.00153547174451295,0.0860500574272504
2014-11-17,HC,XSGE,-1.28295198804303,-0.0344889572166907,-0.00153547174451295,0.0988198965355013
2014-11-18,HC,XSGE,0.75680315435814,0.75680315435814,0.0936156521666196,0.103776945670563
2014-11-19,HC,XSGE,0.749084902001523,0.749084902001523,0.105390005343221,0.139171284448859
2014-11-20,HC,XSGE,0.691629678309348,0.691629678309348,0.124392988879959,0.151789630299592
2014-11-21,HC,XSGE,0.642604512899683,0.642604512899683,0.124392988879959,0.175592033591894
2014-11-24,HC,XSGE,0.472472378972072,0.472472378972072,0.100065715629014,0.15146562082984
2014-11-25,HC,XSGE,0.488825428195821,0.488825428195821,0.106437050748435,0.165041670372125
2014-11-26,HC,XSGE,0.573687174053619,0.573687174053619,0.116528917180248,0.155795076194118
2014-11-27,HC,XSGE,0.127721318005061,0.127721318005061,0.0837207195685586,0.179350191371261
2014-11-28,HC,XSGE,-0.364555236949937,-0.364555236949937,0.0237915516157197,0.139144149605788
2014-12-01,HC,XSGE,-0.380498629431262,-0.380498629431262,0.0245677642416786,0.145420835062129
2014-12-02,HC,XSGE,-0.507274481927536,-0.507274481927536,0.0441555564659732,0.16739666267691
2014-12-03,HC,XSGE,-0.404373311923941,-0.404373311923941,0.0762497526027437,0.149430485640739
2014-12-04,HC,XSGE,-0.499390856893538,-0.499390856893538,0.0552809889929135,0.116282647358
2014-12-05,HC,XSGE,-0.515152831869126,-0.515152831869126,0.0552809889929135,0.120354490893361
2014-12-08,HC,XSGE,-0.546613621591721,-0.546613621591721,0.050498987769006,0.115808232124874
2014-12-09,HC,XSGE,-0.515152831869126,-0.515152831869126,0.0811467234369826,0.133081148232857
2014-12-10,HC,XSGE,-0.507274481927536,-0.507274481927536,0.0721857391691269,0.10564562104496
2014-12-11,HC,XSGE,-0.530893734679356,-0.530893734679356,0.066521542599401,0.0970277948902347
2014-12-12,HC,XSGE,-0.570154169683386,-0.570154169683386,0.0616899133275073,0.0925214961419979
2014-12-15,HC,XSGE,-0.570154169683386,-0.0567605019309376,0.0552809889929135,0.0758661955717783
2014-12-16,HC,XSGE,0.0754757814722586,0.0910498821132186,0.114163322704859,0.0910498821132186
2014-12-17,HC,XSGE,0.0755265387994076,0.103750394577535,0.118320185742355,0.103750394577535
2014-12-18,HC,XSGE,0.0755265387994076,0.110089403471398,0.120773193217341,0.110089403471398
2014-12-19,HC,XSGE,0.0753744712113815,0.10564562104496,0.119700351199342,0.10564562104496
2014-12-22,HC,XSGE,0.0757813529187912,0.116841068655578,0.12367073262008,0.116841068655578
2014-12-23,HC,XSGE,0.076504066929271,0.124425204671393,0.0897012971191478,0.124425204671393
2014-12-24,HC,XSGE,0.0766084386160125,0.118137826336971,0.0874098720878386,0.118137826336971
2014-12-25,HC,XSGE,0.0761926512849307,0.130347057899049,0.0917315894769648,0.130347057899049
2014-12-26,HC,XSGE,0.0762443777110997,0.132587576394373,0.0926013990545701,0.132587576394373
2014-12-29,HC,XSGE,0.0758837606508225,0.129808640649258,0.0825734967377948,0.129808640649258
2014-12-30,HC,XSGE,0.0748220907162315,0.0944182871747493,0.0704802163039209,0.0944182871747493
2014-12-31,HC,XSGE,0.0752734325617532,0.0699264512667917,0.0616044727797459,0.0699264512667917
2015-01-05,HC,XSGE,0.0664206921843302,0.0684481662834064,0.0613804048153882,0.0684481662834064
2015-01-06,HC,XSGE,0.0663310250368657,0.0350212696062834,0.0489120770483387,0.0350212696062834
2015-01-07,HC,XSGE,0.0753239180034927,0.0887688834218069,0.0686297274019352,0.0887688834218069
2015-01-08,HC,XSGE,0.0753239180034927,0.105573714381549,0.0748743979443155,0.105573714381549
2015-01-09,HC,XSGE,0.0758837606508225,0.119132369011905,0.0722974088477205,0.119132369011905
2015-01-12,HC,XSGE,0.0760894087041881,0.177727878784022,0.0940137916270192,0.177727878784022
2015-01-13,HC,XSGE,0.0785920123376498,0.138972541058325,0.0587465529759838,0.138972541058325
2015-01-14,HC,XSGE,0.0816191923414706,0.0871981802282808,0.0175620406044972,0.0871981802282808
2015-01-15,HC,XSGE,0.0816191923414706,0.096284569858308,0.00715039217054369,0.096284569858308
2015-01-16,HC,XSGE,0.406658349225863,0.0974377890760082,0.000785050100540878,-0.0777871950089095
2015-01-19,HC,XSGE,0.406658349225863,0.114889408220275,0.000785050100540878,-0.0504463250162244
2015-01-20,HC,XSGE,0.636650493311767,0.135349260647982,0.0588681384647763,-0.148721437861496
2015-01-21,HC,XSGE,0.636650493311767,0.141214788535841,0.0605271467516991,-0.139532110837183
2015-01-22,HC,XSGE,0.636650493311767,0.152972492367109,0.0605271467516991,-0.121111708168197
2015-01-23,HC,XSGE,0.636650493311767,0.179558224607246,0.0605271467516991,-0.0794607276586496
2015-01-26,HC,XSGE,0.636650493311767,0.245322330764459,0.0840257354235298,0.0235697053209838
2015-01-27,HC,XSGE,0.636650493311767,0.272550185617557,0.0891285704023563,0.0662266779241712
2015-01-28,HC,XSGE,0.636650493311767,0.221279042035828,0.0580395919327841,-0.0140981136872047
2015-01-29,HC,XSGE,0.636650493311767,0.197383712943825,0.035095426433775,-0.0515341292646751
2015-01-30,HC,XSGE,0.636650493311767,0.191432786532454,0.035095426433775,-0.0608572473091574
2015-02-02,HC,XSGE,0.636650493311767,0.200362599720846,0.035095426433775,-0.0468672066473421
2015-02-03,HC,XSGE,0.636650493311767,0.221279042035828,0.035095426433775,-0.0140981136872047
2015-02-04,HC,XSGE,0.636650493311767,0.230277838006384,0.0182025737713782,-0
2015-02-05,HC,XSGE,0.636650493311767,0.245322330764459,0.0182025737713782,0.0235697053209838
2015-02-06,HC,XSGE,0.636650493311767,0.239297537122245,0.0182025737713782,0.0141308619481824
2015-02-09,HC,XSGE,0.636650493311767,0.248338236720656,0.0182025737713782,0.0282946246523602
2015-02-10,HC,XSGE,0.636650493311767,0.242308765441753,0.0182025737713782,0.018848452982078
2015-02-11,HC,XSGE,-0.614655132825253,-0.00470300242467718,-0.0507391615216488,-0.00470300242467718
2015-02-12,HC,XSGE,-1.0261506392773,-0.210450755650702,-0.0912141293693913,-0.210450755650702
2015-02-13,HC,XSGE,-1.71593480928473,-0.360635016208025,-0.112463976517193,-0.360635016208025
2015-02-16,HC,XSGE,-0.739280779595015,-0.173754253323098,-0.0692045937973459,-0.173754253323098
2015-02-17,HC,XSGE,-1.08719964133486,-0.31056344150993,-0.0874223958137986,-0.31056344150993
2015-02-25,HC,XSGE,-1.08719964133486,-0.25440919662545,-0.0776869204331753,-0.25440919662545
2015-02-26,HC,XSGE,-1.08719964133486,-0.282551112657211,-0.0662174825658875,-0.282551112657211
2015-02-27,HC,XSGE,-0.898749824225209,-0.482245183774923,-0.103536356037436,-0.482245183774923
2015-03-02,HC,XSGE,-0.973852943361359,-0.449374912112604,-0.103536356037436,-0.449374912112604
2015-03-03,HC,XSGE,-0.945743573907619,-0.458784555648919,-0.103536356037436,-0.458784555648919
2015-03-04,HC,XSGE,-1.26057595519808,-0.454081553224241,-0.103536356037436,-0.454081553224241
2015-03-05,HC,XSGE,-0.611915925275066,-0.401459662358085,-0.101727347253337,-0.401459662358085
2015-03-06,HC,XSGE,0.0101262316845611,-0.372966245707489,-0.0967783203617021,-0.372966245707489
2015-03-09,HC,XSGE,0.0101262316845611,-0.320379146791413,-0.0967783203617021,-0.320379146791413
2015-03-10,HC,XSGE,0.0101262316845611,-0.272174985428491,-0.0967783203617021,-0.272174985428491
2015-03-11,HC,XSGE,0.0101431157743607,-0.233716251915664,-0.0985873291458014,-0.0623110137272783
2015-03-12,HC,XSGE,0.475563229281233,-0.262916307979858,-0.0985873291458014,-0.0620164817911509
2015-03-13,HC,XSGE,0.482309229170975,-0.102571679293573,-0.065701868932483,-0.0525984972937476
2015-03-16,HC,XSGE,0.482309229170975,-0.102571679293573,-0.065701868932483,-0.067416066142204
2015-03-17,HC,XSGE,-0.993134511052486,-0.993134511052486,-0.132897389423809,-0.0596902673258075
2015-03-18,HC,XSGE,-0.935197893636187,-0.935197893636187,-0.129578111186256,-0.0636702713959751
2015-03-19,HC,XSGE,-0.98921234652852,-0.98921234652852,-0.130317001737064,-0.0544986335272434
2015-03-20,HC,XSGE,-0.584905563964042,-0.584905563964042,-0.0923754680331027,-0.0451194709599188
2015-03-23,HC,XSGE,-1.06125350154796,-1.06125350154796,-0.124681374144167,-0.0446967812808921
2015-03-24,HC,XSGE,-1.16626265347248,-1.16626265347248,-0.124681374144167,-0.0424860482162194
2015-03-25,HC,XSGE,-1.09954359347137,-1.09954359347137,-0.117976416130292,-0.0408761247406818
2015-03-26,HC,XSGE,-1.01322080328901,-1.01322080328901,-0.117976416130292,-0.0467234072210488
2015-03-27,HC,XSGE,-0.828947319291745,-0.828947319291745,-0.117976416130292,-0.045550231814945
2015-03-30,HC,XSGE,-0.84847648346336,-0.84847648346336,-0.118816795839372,-0.0436001655359425
2015-03-31,HC,XSGE,-0.799594671359577,-0.799594671359577,-0.113764767133469,-0.0418874768489083
2015-04-01,HC,XSGE,-0.71110943285577,-0.71110943285577,-0.101884796365864,-0.0345748213427259
2015-04-02,HC,XSGE,-0.512140703175528,-0.512140703175528,-0.0872827740621006,-0.0312616550785896
2015-04-03,HC,XSGE,-0.431633103107438,-0.431633103107438,-0.0872827740621006,-0.0334208643103037
2015-04-07,HC,XSGE,-0.269001887427426,-0.0574736440401506,-0.0323059061110642,-0.0159975178857829
2015-04-08,HC,XSGE,-0.0730106491564985,-0.040740865372767,-0.0323059061110642,-0.0344134567877216
2015-04-09,HC,XSGE,-0.010456955234739,-0.0373773982702559,-0.0323059061110642,-0.0426559165125141
2015-04-10,HC,XSGE,0.0839807763470436,-0.0238665217523955,-0.0323059061110642,-0.0450130507915012
2015-04-13,HC,XSGE,-0.0417740038426791,-0.0440986700700698,-0.0323059061110642,-0.0445544869774013
2015-04-14,HC,XSGE,-0.135244373935544,-0.0657876849203186,-0.0530255891972975,-0.0521687262898822
2015-04-15,HC,XSGE,-0.104167302973528,-0.0608034203045362,-0.0530255891972975,-0.0523006982125771
2015-04-16,HC,XSGE,-0.22223807643525,-0.0564670365448056,-0.045496997986188,-0.0564670365448056
2015-04-17,HC,XSGE,-0.260010203229759,-0.0583605708830503,-0.0463102181215636,-0.0583605708830503
2015-04-20,HC,XSGE,0.0884590818790407,-0.048646462105935,-0.0357702822981322,-0.048646462105935
2015-04-21,HC,XSGE,0.0890731207709504,-0.0530159799112365,-0.0778855296896359,-0.0530159799112365
2015-04-22,HC,XSGE,0.0883829217693025,-0.0705558244240802,-0.0850862461454933,-0.0705558244240802
2015-04-23,HC,XSGE,0.0678656910711198,-0.063833130371801,-0.0900625768084237,-0.063833130371801
2015-04-24,HC,XSGE,0.0670113131781974,-0.0746795696832533,-0.0956570006481598,-0.0746795696832533
2015-04-27,HC,XSGE,0.066343145072674,-0.0796900631282497,-0.130445982938054,-0.0796900631282497
2015-04-28,HC,XSGE,0.0657152023490046,-0.0732611871255617,-0.116146688493465,-0.0732611871255617
2015-04-29,HC,XSGE,0.0662330770208894,-0.0671228144409359,-0.111755224555089,-0.0671228144409359
2015-04-30,HC,XSGE,0.0625265112035402,-0.0982684608006642,-0.12581492875715,-0.0982684608006642
2015-05-04,HC,XSGE,0.0648084129878862,-0.0477904786780917,-0.101496187305558,-0.0477904786780917
2015-05-05,HC,XSGE,0.0641832481326131,-0.0529529355164051,-0.0857783065163163,-0.0529529355164051
2015-05-06,HC,XSGE,0.0641832481326131,-0.0463977414389134,-0.0304813422658819,-0.0463977414389134
2015-05-07,HC,XSGE,0.0651255847542394,-0.0489720020720085,-0.0386226210824086,-0.0489720020720085
2015-05-08,HC,XSGE,0.0662605597800099,-0.0719434909406836,-0.0594667956439586,-0.0719434909406836
2015-05-11,HC,XSGE,0.0662605597800099,-0.0900706716938321,-0.0594667956439586,-0.0900706716938321
2015-05-12,HC,XSGE,0.0696415159471032,-0.198916910214075,-0.0966445992262716,-0.198916910214075
2015-05-13,HC,XSGE,0.0712151116714099,-0.0807772602560967,-0.0138841697217701,-0.0807772602560967
2015-05-14,HC,XSGE,0.0712151116714099,-0.0557664893222186,0.00451688602458989,-0.0557664893222186
2015-05-15,HC,XSGE,0.0759786323086123,-0.0576997316606201,0.0371384855926524,-0.0576997316606201
2015-05-18,HC,XSGE,-0.154028929811775,-0.248178326344337,-0.121816397778351,-0.0763901588413008
2015-05-19,HC,XSGE,-0.150596080733448,-0.375092749443398,-0.19443721139062,-0.0898073564630954
2015-05-20,HC,XSGE,-0.150596080733448,-0.342856621838598,-0.165357953111264,-0.105156180148904
2015-05-21,HC,XSGE,-0.150596080733448,-0.355295934004794,-0.185113875911404,-0.0951767891526558
2015-05-22,HC,XSGE,-0.150596080733448,-0.37139072943412,-0.183836308160407,-0.0867399450330663
2015-05-25,HC,XSGE,-0.150596080733448,-0.377558241142251,-0.183836308160407,-0.0786283263734587
2015-05-26,HC,XSGE,-0.150596080733448,-0.40698802506835,-0.183836308160407,-0.101408493451417
2015-05-27,HC,XSGE,-0.150596080733448,-0.398433957161006,-0.192325266091243,-0.074933869626349
2015-05-28,HC,XSGE,-0.150596080733448,-0.397209964883867,-0.192325266091243,-0.0670560972059815
2015-05-29,HC,XSGE,-0.150596080733448,-0.38617162756942,-0.187664526094151,-0.0768215944472943
2015-06-01,HC,XSGE,-0.74107814993031,-0.405767499490049,-0.199069131265868,-0.0684461614562797
2015-06-02,HC,XSGE,-0.74107814993031,-0.413083256331151,-0.201168057437618,-0.065131810510334
2015-06-03,HC,XSGE,-0.74107814993031,-0.405767499490049,-0.201168057437618,-0.0605477091076233
2015-06-04,HC,XSGE,-0.74107814993031,-0.384942648564594,-0.201168057437618,-0.0689162253071161
2015-06-05,HC,XSGE,-0.74107814993031,-0.376325747182052,-0.197807831986899,-0.0802493238645903
2015-06-08,HC,XSGE,-0.74107814993031,-0.365210581962787,-0.208690887591316,-0.0613609584086271
2015-06-09,HC,XSGE,-0.74107814993031,-0.378790231735491,-0.182557240623015,-0.0626823899023843
2015-06-10,HC,XSGE,-0.74107814993031,-0.38125270446458,-0.1842623305466,-0.0658170236784735
2015-06-11,HC,XSGE,-0.74107814993031,-0.398433957161006,-0.19485910964906,-0.055935949983892
2015-06-12,HC,XSGE,-0.74107814993031,-0.35156952349308,-0.185113875911404,-0.066462450478449
2015-06-15,HC,XSGE,-0.74107814993031,-0.312791300606218,-0.185113875911404,-0.0656867869779727
2015-06-16,HC,XSGE,-0.633279502225233,-0.132826363287293,-0.0952717877226348,-0.0992312996503949
2015-06-17,HC,XSGE,-0.633279502225233,-0.0635620775566198,-0.0952717877226348,-0.08263940604061
2015-06-18,HC,XSGE,-0.633279502225233,-0.0720739694814805,-0.0688930851128118,-0.0807982030422051
2015-06-19,HC,XSGE,-0.632982201149073,0.050390914139644,-0.0333029000038395,-0.0819772677747335
2015-06-23,HC,XSGE,-0.628586967210602,0.08263940604061,-0.0244023215443871,-0.114225759675699
2015-06-24,HC,XSGE,-0.628586967210602,0.0775300797654288,-0.0399308005145679,-0.119039051255681
2015-06-25,HC,XSGE,-0.628586967210602,0.108285205130387,-0.0434492150034736,-0.0915592473709652
2015-06-26,HC,XSGE,-0.628586967210602,0.135824691358154,-0.0275258261267059,-0.0854337772185101
2015-06-29,HC,XSGE,-0.628586967210602,0.163556678833363,-0.023508239581316,-0.0979228337813415
2015-06-30,HC,XSGE,-0.766368096091227,0.0691231516153248,-0.0410689485188452,-0.142240813363005
2015-07-01,HC,XSGE,-0.766368096091227,0.0834523457178116,-0.0571627173032982,-0.128874318698214
2015-07-02,HC,XSGE,-0.199033173319839,0.121314581447359,-0.0576190540139828,-0.135346041888618
2015-07-03,HC,XSGE,-0.199033173319839,0.0762812795009283,-0.0626261463742083,-0.10603904185459
2015-07-06,HC,XSGE,-0.646892170122229,0.201836357113278,-0.00671451733027846,-0.0732687730894755
2015-07-07,HC,XSGE,-0.078098160736946,0.33149506635028,0.0317300108526114,-0.0812979726448953
2015-07-08,HC,XSGE,0.844575928077267,0.451728246413269,0.0808743310507921,-0.0683208497756489
2015-07-09,HC,XSGE,0.307948753311147,0.391156210242207,0.0391858364407618,-0.0135505079911658
2015-07-10,HC,XSGE,0.307948753311147,0.314340813471136,0.0213770847499226,-0.0790868308565033
2015-07-13,HC,XSGE,0.307948753311147,0.393095780705842,0.0352030289588983,-0.0825569716505863
2015-07-14,HC,XSGE,0.307948753311147,0.408646574958942,0.0391858364407618,-0.0828778381633023
2015-07-15,HC,XSGE,0.307948753311147,0.432087655289927,0.0203962182960947,-0.0891150747505984
2015-07-16,HC,XSGE,1.30318440735885,0.513753493346051,0.00299889679846595,-0.0854488327924098
2015-07-17,HC,XSGE,1.30197773395814,0.183605244869979,-0.0523271102496131,-0.0756825399695349
2015-07-20,HC,XSGE,0.688213267320892,0.0625952120413326,-0.0775827569936438,-0.0892866944817617
2015-07-21,HC,XSGE,0.188447091382411,0.00296640651953994,-0.0780721948656279,-0.0529245373353408
2015-07-22,HC,XSGE,0.243690224239259,0.131886482121681,-0.0518260377398148,-0.057862833684657
2015-07-23,HC,XSGE,-0.0601924002164956,0.174446929832547,-0.0432725705868843,-0.0544019084821025
2015-07-24,HC,XSGE,-0.327551667433522,0.156170873178943,-0.0761131307228505,-0.0600104783382502
2015-07-27,HC,XSGE,-0.149944671895682,0.110715557160399,-0.0878153354280745,-0.0729038258258659
2015-07-28,HC,XSGE,-0.149944671895682,0.00696270825069076,-0.0844150789132346,-0.0673270439102025
2015-07-29,HC,XSGE,-0.149944671895682,-0.00925252246664895,-0.091688470539722,-0.0610967424082124
2015-07-30,HC,XSGE,-0.155979774814746,-0.0011590595010123,-0.0878558093567929,-0.0671317422091663
2015-07-31,HC,XSGE,-0.157921857207324,-0.0957439430774292,-0.126391768698236,-0.0387065636419379
2015-08-03,HC,XSGE,-0.740578707185195,-0.121422025182195,-0.103965742355188,-0.0267680428750736
2015-08-04,HC,XSGE,-0.740578707185195,-0.124902542044219,-0.10547517031385,-0.0324806303333964
2015-08-05,HC,XSGE,-0.800370776388241,-0.143381130212537,-0.113989553375527,-0.0494030204975412
2015-08-06,HC,XSGE,-0.972178574784347,-0.145681052881811,-0.114986911129597,-0.0379113377307708
2015-08-07,HC,XSGE,-0.972178574784347,-0.122582754396838,-0.104469116001737,-0.0133550206081001
2015-08-10,HC,XSGE,-0.728586131817118,-0.108617081212293,-0.0984133210612898,-0.00959002474282856
2015-08-11,HC,XSGE,-1.33180895209746,-0.120260738326784,-0.120952074674582,-0.0344659713333648
2015-08-12,HC,XSGE,-1.33180895209746,-0.106281604177424,-0.117476342352077,-0.0250066704046509
2015-08-13,HC,XSGE,-0.859880139716522,-0.138774709489197,-0.125898365090492,-0.0494978464110052
2015-08-14,HC,XSGE,-0.504637133747775,-0.135314124011881,-0.124416820243039,-0.0438179724210619
2015-08-17,HC,XSGE,-0.357212819877651,-0.13300431156374,-0.123428009985546,-0.041943018562722
2015-08-18,HC,XSGE,-0.136605454274665,-0.0581798261639091,-0.0838728848915062,-0.032606251779967
2015-08-19,HC,XSGE,-0.0655244341798826,-0.0321388208390088,-0.0744222469874946,-0.0212522077930717
2015-08-20,HC,XSGE,0.02990089159593,-0.00733465255490931,-0.0658963631789307,-0.0194766778214874
2015-08-21,HC,XSGE,0.0538746267747393,-0.00146836973680925,-0.0638805397754113,-0.0195149990340534
2015-08-24,HC,XSGE,-0.224161919133713,-0.0747798994175446,-0.0833944123870215,-0.0260683712492287
2015-08-25,HC,XSGE,-0.578861812361028,-0.160820553668337,-0.0899752111575049,-0.0245027519207205
2015-08-26,HC,XSGE,-0.415503122342933,-0.142084668489302,-0.0759087146878928,-0.052926477015292
2015-08-27,HC,XSGE,-0.320869510682691,-0.145132863637029,-0.0759087146878928,-0.0878274352525736
2015-08-28,HC,XSGE,-0.0881646370026742,-0.0903196722120552,-0.0449077715134296,-0.0910224010846795
2015-08-31,HC,XSGE,-0.0315607613207417,-0.0645738004796618,-0.0449077715134296,-0.075338921944527
2015-09-01,HC,XSGE,-0.0378631010973356,-0.0569591278053251,-0.0449077715134296,-0.0631860930361912
2015-09-02,HC,XSGE,-0.0760023293953793,-0.0725414717734021,-0.050582535585386,-0.0714129312444965
2015-09-07,HC,XSGE,-0.0507209350174103,-0.0357188127469465,-0.0768768723587756,-0.0308268163544039
2015-09-08,HC,XSGE,0,-0.0310839500404487,-0.07422266339989,-0.0412200207058125
2015-09-09,HC,XSGE,-0.094928960124255,-0.0816767560579521,-0.0768768723587756,-0.0773553851667664
2015-09-10,HC,XSGE,-0.0570462102660196,-0.0710162087892136,-0.0678260565411712,-0.0755716430902551
2015-09-11,HC,XSGE,-0.0507209350174103,-0.0801561444477388,-0.0720946310069887,-0.0897545823054546
2015-09-14,HC,XSGE,0.0636999709896576,-0.0557206576889601,-0.062466713522864,-0.0946621670406833
2015-09-15,HC,XSGE,0.159879654992868,-0.0279900477185117,-0.0640772862312184,-0.0892519072983096
2015-09-16,HC,XSGE,-0.101976093388871,-0.0829594534743259,-0.0839633487499053,-0.0829594534743259
2015-09-17,HC,XSGE,-0.101922491575034,-0.105417484150878,-0.0833963936737411,-0.105417484150878
2015-09-18,HC,XSGE,-0.0962558454918921,-0.105748071913916,-0.0650823145970557,-0.105748071913916
2015-09-21,HC,XSGE,-0.0965614232487606,-0.0896270456570027,-0.0964946065061751,-0.0896270456570027
2015-09-22,HC,XSGE,-0.0969718911935057,-0.0775683774597349,-0.0937433855078383,-0.0775683774597349
2015-09-23,HC,XSGE,-0.0967149408630498,-0.0711471093454083,-0.0908829270828072,-0.0711471093454083
2015-09-24,HC,XSGE,-0.0968175574164742,-0.085728259595212,-0.0904501799423744,-0.085728259595212
2015-09-25,HC,XSGE,-0.0973858637307154,-0.113182070862026,-0.0819378750970427,-0.113182070862026
2015-09-28,HC,XSGE,-0.0987560281636578,-0.118945693014746,-0.0787232784594877,-0.118945693014746
2015-09-29,HC,XSGE,-0.0988630241159799,-0.0642333184098037,-0.0798907928886068,-0.0642333184098037
2015-09-30,HC,XSGE,-0.100110351908726,-0.101429180058614,-0.0797683084940827,-0.101429180058614
2015-10-08,HC,XSGE,-0.0978558280735788,-0.0127980475635016,-0.0579514696124342,-0.0127980475635016
2015-10-09,HC,XSGE,-0.0976463962391899,-0.0233814254812985,-0.0600143960412675,-0.0233814254812985
2015-10-12,HC,XSGE,-0.0976463962391899,-0.0487322548949027,-0.0654555096242596,-0.0487322548949027
2015-10-13,HC,XSGE,-0.0976463962391899,-0.0191404936992326,-0.0880117347642492,-0.0191404936992326
2015-10-14,HC,XSGE,-0.0920606288854418,-0.0553400463559691,-0.0937958511909995,-0.0553400463559691
2015-10-15,HC,XSGE,-0.0920606288854418,-0.0574531709355389,-0.0937958511909995,-0.0574531709355389
2015-10-16,HC,XSGE,-0.174159979126032,-0.013026414684839,-0.0506145185102518,-0.052336085806094
2015-10-19,HC,XSGE,-0.174159979126032,0.0359671387250026,-0.0506145185102518,-0.0701360537403595
2015-10-20,HC,XSGE,-0.174159979126032,0.0589665360010977,-0.0411270387822893,-0.0561330402152945
2015-10-21,HC,XSGE,-0.174159979126032,0.0589665360010977,-0.0411270387822893,-0.0433951677381297
2015-10-22,HC,XSGE,-0.174159979126032,0.0458133777237504,-0.0411270387822893,-0.0480750024820321
2015-10-23,HC,XSGE,-0.174159979126032,0.0886655372180591,-0.0411270387822893,-0.0436060019105209
2015-10-26,HC,XSGE,-0.174159979126032,0.0886655372180591,-0.0292916428511895,-0.0403976334757681
2015-10-27,HC,XSGE,-0.174159979126032,0.115186923457738,-0.0292916428511895,-0.0454049320666458
2015-10-28,HC,XSGE,-0.174159979126032,0.15184365813006,-0.0127325962316283,-0.0440578938267668
2015-10-29,HC,XSGE,-0.174159979126032,0.158532315575013,-0.0127325962316283,-0.0408611005764393
2015-10-30,HC,XSGE,-0.174159979126032,0.165228335330144,-0.0127325962316283,-0.049020265607123
2015-11-02,HC,XSGE,-0.286744532628876,0.15184365813006,-0.00348735299119167,-0.0489134046767064
2015-11-03,HC,XSGE,-0.200741207372492,0.215684803740611,0.0111177275027919,-0.0575839138658624
2015-11-04,HC,XSGE,-0.200741207372492,0.259754839515801,0.0111177275027919,-0.0464884446814703
2015-11-05,HC,XSGE,0.446244421532298,0.287034406903714,0.0128836062831063,-0.0267724675020076
2015-11-06,HC,XSGE,0.446244421532298,0.321306798023106,0.0128836062831063,-0.0369570517045522
2015-11-09,HC,XSGE,0.446244421532298,0.283617763548903,0.0128836062831063,-0.0250921510980027
2015-11-10,HC,XSGE,0.446244421532298,0.266563271489309,0.0128836062831063,-0.0250221972534579
2015-11-11,HC,XSGE,0.446244421532298,0.31100479160958,0.0111177275027919,-0.0235311583287321
2015-11-12,HC,XSGE,0.446244421532298,0.321306798023106,0.0205690934745961,-0.00506656053124184
2015-11-13,HC,XSGE,0.446244421532298,0.290452970260514,0.0494268264690906,-0.00168126066727913
2015-11-16,HC,XSGE,0.446244421532298,0.297295865620217,0.0524774028175754,-0.00504661904090312
2015-11-17,HC,XSGE,0.157956893960527,0.157956893960527,0.0139622592924663,0
2015-11-18,HC,XSGE,0.327993173986539,0.327993173986539,0.0253624638657789,0.00338248004224931
2015-11-19,HC,XSGE,0.709028512821447,0.709028512821447,0.0779749526007671,0.00860951177934059
2015-11-20,HC,XSGE,0.770087561750919,0.770087561750919,0.0716774884496395,0.00345873249930392
2015-11-23,HC,XSGE,0.94828015505369,0.94828015505369,0.0716774884496395,0.00702713952820367
2015-11-24,HC,XSGE,0.893163876299712,0.893163876299712,0.0716774884496395,0.0263133031170656
2015-11-25,HC,XSGE,0.71579723594456,0.71579723594456,0.0716774884496395,0.0207165509489817
2015-11-26,HC,XSGE,0.64828447328403,0.64828447328403,0.0716774884496395,0.00856514549698493
2015-11-27,HC,XSGE,0.817797817966671,0.817797817966671,0.048689240050314,0.00868953058924636
2015-11-30,HC,XSGE,0.969015458707516,0.213215929175465,0.0591910346091831,0.0211685077369933
2015-12-01,HC,XSGE,0.94137649402425,0.220284440761674,0.0811374279749409,0.0370561321457734
2015-12-02,HC,XSGE,0.742911107565949,0.169852525727992,0.0811374279749409,0.0242392795232658
2015-12-03,HC,XSGE,0.810970219312965,0.174014703431122,0.0900416542532893,0.0121653510349156
2015-12-04,HC,XSGE,0.742911107565949,0.16708176941765,0.0900416542532893,0.0207644785766886
2015-12-07,HC,XSGE,0.621387388946586,0.140918853582033,0.0748216571389938,0.0188325863992372
2015-12-08,HC,XSGE,0.655018355965944,0.158788756726755,0.0817710293482886,0.0326976290512237
2015-12-09,HC,XSGE,0.607961853229264,0.157409386399208,0.0817710293482886,0.0429247431882925
2015-12-10,HC,XSGE,0.587852209487908,0.153276054296723,0.0817710293482886,0.0428509656825692
2015-12-11,HC,XSGE,0.574464836188475,0.13544724358013,0.0792388381695286,0.0238935929993215
2015-12-14,HC,XSGE,0.355742877023264,0.093462482203576,0.0629219238763009,0.0268174638477535
2015-12-15,HC,XSGE,0.225134842841103,0.0760735227378591,0.0493041902641946,0.0381972856624446
2015-12-16,HC,XSGE,0.110312898584911,0.0463085485331443,0.0296866068965239,0.0463085485331443
2015-12-17,HC,XSGE,0.108166818734195,0.0454049320666458,0.0509930330476138,0.0454049320666458
2015-12-18,HC,XSGE,0.10666808384074,0.0593090524866878,0.0442368838869185,0.0593090524866878
2015-12-21,HC,XSGE,0.109925841959448,0.0703250699609657,0.0377718747865994,0.0703250699609657
2015-12-22,HC,XSGE,0.110097157454463,0.0958842242027883,0.0118954116392245,0.0958842242027883
2015-12-23,HC,XSGE,0.111253050233727,0.0969025507422308,0.00914634742598381,0.0969025507422308
2015-12-24,HC,XSGE,0.251896868260983,0.106917642805515,0.0221611484971627,0.106917642805515
2015-12-25,HC,XSGE,0.256635032120698,0.128665799346269,0.0266102887332205,0.128665799346269
2015-12-28,HC,XSGE,0.364931903868777,0.16099770072554,0.0366317902979681,0.16099770072554
2015-12-29,HC,XSGE,0.363411497044887,0.163912475649665,0.0398054218398396,0.163912475649665
2015-12-30,HC,XSGE,0.367335656851261,0.183474565457604,0.0838955738804014,0.183474565457604
2015-12-31,HC,XSGE,0.327081964486534,0.142386655023382,0.0801706053332177,0.142386655023382
2016-01-04,HC,XSGE,0.332181909175488,0.149696219565073,0.0828325960021321,0.149696219565073
2016-01-05,HC,XSGE,0.332181909175488,0.166629548054826,0.0828325960021321,-0.0219119884583013
2016-01-06,HC,XSGE,0.332181909175488,0.160460879315449,0.0828325960021321,-0.00852784733471341
2016-01-07,HC,XSGE,0.332181909175488,0.185212236856578,0.0955287932929042,0
2016-01-08,HC,XSGE,0.332181909175488,0.232180285899473,0.0955287932929042,-0.00374724168195728
2016-01-11,HC,XSGE,0.334550582899361,0.186807223584015,0.0709359871658317,-0.0213583251827029
2016-01-12,HC,XSGE,0.334550582899361,0.207589269542678,0.0709359871658317,0.00508884762349107
2016-01-13,HC,XSGE,0.334550582899361,0.217229889953433,0.0315193142147227,0.00510528979329002
2016-01-14,HC,XSGE,0.334550582899361,0.202780583891296,0.0315193142147227,0.00508066619017502
2016-01-15,HC,XSGE,0.334550582899361,0.153538218411161,0.0315193142147227,-0.0024948737778714
2016-01-18,HC,XSGE,0.0259375813516461,0.0352479979348322,0.00841887079028723,-0.00123027766589446
2016-01-19,HC,XSGE,0.0259375813516461,0.00206485925331803,0.00504348892242042,-0.00852784733471341
2016-01-20,HC,XSGE,0.0259375813516461,0.0186221129443215,0.00504348892242042,-0.00734165750720195
2016-01-21,HC,XSGE,0.0259375813516461,0.0373310875744831,0.00504348892242042,-0.00246119427114273
2016-01-22,HC,XSGE,0.0259375813516461,0.00413078204480271,0.00504348892242042,0.00122140166069555
2016-01-25,HC,XSGE,0.0259375813516461,-0.00412653226828261,0.00504348892242042,0
2016-01-26,HC,XSGE,0.0259375813516461,0.0103349426181967,0.00504348892242042,0.00122329286335366
2016-01-27,HC,XSGE,0.0259375813516461,-0.0103083814410951,-0.00557654984292281,0.0146455452829534
2016-01-28,HC,XSGE,0.401476454128352,0.0477627943933924,0.0157683777779267,0.0012347642217956
2016-01-29,HC,XSGE,0.401476454128352,0.0750128898748671,0.00504348892242042,0.0162124748497025
2016-02-01,HC,XSGE,0.401476454128352,0.0290052122216988,0.020885783585125,0.0259438229064068
2016-02-02,HC,XSGE,0.401476454128352,0.0477627943933924,0.020885783585125,0.0223247792176589
2016-02-03,HC,XSGE,0.401476454128352,0.0435868554310864,0.00223866029523136,0.0160855163547977
2016-02-04,HC,XSGE,0.401476454128352,0.00206485925331803,0.00167856256495286,0.0183779406459094
2016-02-05,HC,XSGE,0.401476454128352,-0.00618820746710068,-0.00779917880000616,0.00243715175215296
2016-02-15,HC,XSGE,0.401476454128352,-0.0308460044533035,-0.00779917880000616,0.00727406157699782
2016-02-16,HC,XSGE,0.0250514850854018,-0.266042368552215,-0.0423244547374608,0.0132780732160033
2016-02-17,HC,XSGE,0.0250514850854018,-0.251073896785751,-0.0423244547374608,0.00483207072593949
2016-02-18,HC,XSGE,0.0250514850854018,-0.263051717345307,-0.0423244547374608,0.00844536861549419
2016-02-19,HC,XSGE,0.0250514850854018,-0.310720777585726,-0.0423244547374608,0.013177404968207
2016-02-22,HC,XSGE,0.0250514850854018,-0.463032274139635,-0.065323101601194,0.0046610238623038
2016-02-23,HC,XSGE,0.0250514850854018,-0.566216748071417,-0.066406187744864,0.0287710484876672
2016-02-24,HC,XSGE,0.0250514850854018,-0.50911545875883,-0.066406187744864,0.0173891452812143
2016-02-25,HC,XSGE,-0.544038234119333,-0.546294235744838,-0.066406187744864,0.019592724162617
2016-02-26,HC,XSGE,-0.544038234119333,-0.488998437758478,-0.066406187744864,0.030326878635606
2016-02-29,HC,XSGE,-0.542740605925005,-0.401079028365038,-0.0396900368322598,0.0300312870749837
2016-03-01,HC,XSGE,-0.542740605925005,-0.491608009171125,-0.0509975256268875,0.0295701420117694
2016-03-02,HC,XSGE,-0.542740605925005,-0.516820453591774,-0.0605965785916157,0.0203445873205066
2016-03-03,HC,XSGE,-0.542740605925005,-0.572464504654837,-0.0743133899776173,0.0302931965237657
2016-03-04,HC,XSGE,-0.542740605925005,-0.635811654256857,-0.08318905445004,0.0322018381584741
2016-03-07,HC,XSGE,-0.542740605925005,-0.808577006581324,-0.109895231917815,0.0290949352585482
2016-03-08,HC,XSGE,-0.542740605925005,-1.14714282731901,-0.158503404187141,0.0295061832756328
2016-03-09,HC,XSGE,-0.790748953561798,-0.879968679989114,-0.0899275871672087,0.0180561965778211
2016-03-10,HC,XSGE,-1.32083059719381,-1.00478812825476,-0.132486490060098,0.0386414398144741
2016-03-11,HC,XSGE,-1.33173767861147,-0.921869901531618,-0.124007301965208,0.0595755210656681
2016-03-14,HC,XSGE,-1.33173767861147,-0.882596261721732,-0.107864127612475,0.0795853401075805
2016-03-15,HC,XSGE,-1.33173767861147,-0.72822411984094,-0.0894107243306698,0.0627084165034962
2016-03-16,HC,XSGE,-0.0489572162665331,-0.0489572162665331,0.0339123349563494,0.0452307534633046
2016-03-17,HC,XSGE,-0.38607372033522,-0.38607372033522,0.00761546197716734,0.0547845026905448
2016-03-18,HC,XSGE,-0.785412989253037,-0.785412989253037,-0.019058282976512,0.06345690515866
2016-03-21,HC,XSGE,-0.982623332208657,-0.982623332208657,-0.0382785125639242,0.0727751099529236
2016-03-22,HC,XSGE,-1.06258420691739,-1.06258420691739,-0.0480054514696216,0.0733088295606876
2016-03-23,HC,XSGE,-1.20614352706482,-1.20614352706482,-0.0586060267279282,0.0683255584982114
2016-03-24,HC,XSGE,-1.01267233247852,-1.01267233247852,-0.0412056956656561,0.081948694357501
2016-03-25,HC,XSGE,-0.798818628171661,-0.798818628171661,-0.00296557677584669,0.0983002515452805
2016-03-28,HC,XSGE,-0.103261494820535,-0.103261494820535,0.0719964736816596,0.107866326674504
2016-03-29,HC,XSGE,0.0693475751762406,0.0693475751762406,0.10580780449068,0.109496654551353
2016-03-30,HC,XSGE,0.159113145027547,0.159113145027547,0.0603085080301241,0.118815434077023
2016-03-31,HC,XSGE,0.124122945284242,0.124122945284242,0.100769462826321,0.120567264013526
2016-04-01,HC,XSGE,-0.239549671882992,-0.239549671882992,0.0724861955680794,0.13633257230172
2016-04-05,HC,XSGE,-0.573524067257574,-0.573524067257574,0.0754291444864927,0.172806472514682
2016-04-06,HC,XSGE,-0.653222277318819,-0.653222277318819,0.0559575492450859,0.166547120025929
2016-04-07,HC,XSGE,-0.65789364954767,-0.65789364954767,0.0559575492450859,0.176585859579241
2016-04-08,HC,XSGE,-0.86620995811208,-0.86620995811208,0.0559575492450859,0.204381648926665
2016-04-11,HC,XSGE,-1.20541702260775,-1.20541702260775,0.0283260713365673,0.19053440529385
2016-04-12,HC,XSGE,-1.40434749508868,-1.40434749508868,-0.00822012178431491,0.169138265357343
2016-04-13,HC,XSGE,-1.35162713738634,-0.145917436380289,-0.0195353437203491,0.0967903605754748
2016-04-14,HC,XSGE,-1.34722310009976,-0.121946080490457,-0.0195353437203491,0.124700592288038
2016-04-15,HC,XSGE,-1.23658336897275,-0.0882058118837063,-0.0195353437203491,0.142961098958894
2016-04-18,HC,XSGE,0.950121918329765,0.128587085523596,0.102890175916481,0.128587085523596
2016-04-19,HC,XSGE,0.812305028174098,0.134087980034501,0.101341284909024,0.134087980034501
2016-04-20,HC,XSGE,0.849279625312478,0.167141275815061,0.126771065544455,0.167141275815061
2016-04-21,HC,XSGE,0.948014258226091,0.221273732062142,0.15295439385519,0.221273732062142
2016-04-22,HC,XSGE,1.22321419833529,0.21492903860603,0.136058586932392,0.21492903860603
2016-04-25,HC,XSGE,0.751490820560373,0.210234545962862,0.134667665457076,0.210234545962862
2016-04-26,HC,XSGE,0.721752144988387,0.214158352445122,0.143978200594632,0.214158352445122
2016-04-27,HC,XSGE,0.178176127123071,0.204662566508948,0.0954446275709426,0.204662566508948
2016-04-28,HC,XSGE,0.505689456307313,0.225248908642146,0.108154519224006,0.0977593313717834
2016-04-29,HC,XSGE,0.471238113079236,0.238694831123894,0.146133577341037,0.109937692063328
2016-05-03,HC,XSGE,0.215344854709374,0.309642585409571,0.17542537651862,0.0983479150398489
2016-05-04,HC,XSGE,0.619401705706303,0.298573259099093,0.144571740399635,0.0958847814455778
2016-05-05,HC,XSGE,0.395913457499978,0.272215187918436,0.1369711478627,0.111987141409284
2016-05-06,HC,XSGE,0.104810411266236,0.308995883602685,0.131935651661499,0.11766190516237
2016-05-09,HC,XSGE,0.120463030289656,0.22006692335496,0.128309075304687,0.166864861468456
2016-05-10,HC,XSGE,-0.523275851414201,0.2274130535667,0.0708323894382712,0.0855710110260641
2016-05-11,HC,XSGE,0.157110677905336,0.32852763762583,0.132827669364462,0.0790108741390786
2016-05-12,HC,XSGE,0.568196632059438,0.331208895255818,0.150380031094009,0.0707735875897779
2016-05-13,HC,XSGE,1.11343382416858,0.42528660016889,0.15751900217907,0.0551221090930847
2016-05-16,HC,XSGE,0.862565829868631,0.385721140359167,0.15751900217907,0.0669569319856849
2016-05-17,HC,XSGE,0.238904356621788,0.311431922977808,0.137040306250193,0.0912644501508717
2016-05-18,HC,XSGE,0.653108485140754,0.376335514304868,0.171423655030186,0.083806775672793
2016-05-19,HC,XSGE,0.853894792419444,0.430094738673631,0.185950307749982,0.0798955870423511
2016-05-20,HC,XSGE,0.620782415326341,0.359219007458815,0.163006905740002,0.0776752612442922
2016-05-23,HC,XSGE,0.620782415326341,0.466171676676778,0.213224746113391,0.103357508836946
2016-05-24,HC,XSGE,0.620782415326341,0.511447375520093,0.206950196600812,0.0664872507032291
2016-05-25,HC,XSGE,0.621923375080586,0.328268267482489,0.146186557571597,0.0758243565196799
2016-05-26,HC,XSGE,0.733498424075778,0.36077966159373,0.150468958120398,0.0663929159350816
2016-05-27,HC,XSGE,0.733498424075778,0.267023829917397,0.121709025378359,0.0421345492554714
2016-05-30,HC,XSGE,0.73164397930102,0.406097121636442,0.181159107246333,0.0856730973583833
2016-05-31,HC,XSGE,0.73164397930102,0.399486859736284,0.171601636406259,0.0928384715486991
2016-06-01,HC,XSGE,0.73164397930102,0.481164354507342,0.193352420593004,0.0803532707513457
2016-06-02,HC,XSGE,0.73164397930102,0.477093994254557,0.188255329397082,0.0670687267987005
2016-06-03,HC,XSGE,0.73164397930102,0.470322543402923,0.185715671337364,0.0650394678675259
2016-06-06,HC,XSGE,0.73164397930102,0.408745388470135,0.171601636406259,0.0636822700640045
2016-06-07,HC,XSGE,0.73164397930102,0.336772404676424,0.145374812038151,0.0746748246248988
2016-06-08,HC,XSGE,0.73164397930102,0.320014693975948,0.14390893070332,0.0760316032140532
2016-06-13,HC,XSGE,0.73164397930102,0.250153740095185,0.124549445301018,0.0881951633487736
2016-06-14,HC,XSGE,0.73164397930102,0.299519931375443,0.136123933425877,0.0843709778415383
2016-06-15,HC,XSGE,1.06513874966387,0.36274123995759,0.152241711292442,0.0662988484856227
2016-06-16,HC,XSGE,-0.06525896737205,0.111142277628162,0.0564016987515205,0.0802046299336182
2016-06-17,HC,XSGE,-0.06525896737205,0.181822199205179,0.0564016987515205,0.0816930278122875
2016-06-20,HC,XSGE,-0.159991503569283,0.145459590909108,0.0564016987515205,0.0827408238907726
2016-06-21,HC,XSGE,-0.159991503569283,0.126547547343653,0.0564016987515205,0.0841434488238274
2016-06-22,HC,XSGE,-0.06525896737205,0.0720487057215285,0.0564016987515205,0.0918857048445883
2016-06-23,HC,XSGE,0.109574504051725,0.104391889754391,0.0696148869518563,0.0983479150398525
2016-06-24,HC,XSGE,0.109574504051725,0.107752321572441,0.0735341438354688,0.0984341181800304
2016-06-27,HC,XSGE,0.0971073013534309,0.085449938771568,0.0745323040007943,0.0919757526190083
2016-06-28,HC,XSGE,-0.347796328264012,-0.00955614606211278,0.0621454813844739,0.152387352615228
2016-06-29,HC,XSGE,-0.562499548951223,-0.0612266591862199,0.03896642951901,0.134327798739449
2016-06-30,HC,XSGE,0.11213602424542,0.100983333597544,0.0859205368447664,0.115455845765547
2016-07-01,HC,XSGE,0.11213602424542,0.04938672264721,0.0578815769272447,0.107312957337574
2016-07-04,HC,XSGE,-0.312038979745485,-0.0457364383542942,0.0230486617866858,0.0982590893861692
2016-07-05,HC,XSGE,-0.157053164442035,0.0199876598157597,0.0230486617866858,0.0561210896068459
2016-07-06,HC,XSGE,-0.312038979745485,0.0431789216073219,0.0230486617866858,0.0645905907890253
2016-07-07,HC,XSGE,-0.312038979745485,-0.0608629815330513,0.0230486617866858,0.101069637535328
2016-07-08,HC,XSGE,-0.312038979745485,-0.0381510115946671,0.0230486617866858,0.112948260170255
2016-07-11,HC,XSGE,-0.312038979745485,-0.0729219313599233,0.0230486617866858,0.119928353614517
2016-07-12,HC,XSGE,-0.955308648977587,-0.173938551429616,-0.00771822995303842,0.118363121689216
2016-07-13,HC,XSGE,-0.955308648977587,-0.248012955959441,-0.00771822995303842,0.140644749413442
2016-07-14,HC,XSGE,-0.955308648977587,-0.173938551429616,-0.0081454215832141,0.104346838313748
2016-07-15,HC,XSGE,-0.955308648977587,-0.184189679791171,-0.00857244578574361,0.102517983408414
2016-07-18,HC,XSGE,0.731439652337785,0.392792381279399,0.0795916630359556,0.104516483808141
2016-07-19,HC,XSGE,1.03313920061277,0.663173305113464,0.178922040184241,0.076055656524507
2016-07-20,HC,XSGE,0.474952684164429,0.301545016738165,0.0658833894482049,0.0893205597368643
2016-07-21,HC,XSGE,0.373147728831297,0.147313745603309,0.0436637072055617,0.0981281463989724
2016-07-22,HC,XSGE,0.289984836535556,0.133557544141898,0.0436637072055617,0.12233499015944
2016-07-25,HC,XSGE,0.256904487057198,0.115266603002853,0.0436637072055617,0.12031462973775
2016-07-26,HC,XSGE,0.137860261328928,0.0675258319204526,0.0436637072055617,0.127394241818442
2016-07-27,HC,XSGE,-0.0482246936984715,-0.0755897625729758,0.01521111701241,0.125814810581076
2016-07-28,HC,XSGE,-0.0922356110098912,-0.145843304483223,0.01521111701241,0.100968441565309
2016-07-29,HC,XSGE,-0.0562405061058592,-0.0910306837841207,0.01521111701241,0.0988130406442144
2016-08-01,HC,XSGE,-0.472496278621387,-0.167623972216961,-0.00125803085722926,0.091335764621475
2016-08-02,HC,XSGE,-0.522421407510111,-0.213098571842072,-0.00125803085722926,0.0997885145025804
2016-08-03,HC,XSGE,-0.522421407510111,-0.176313363862539,-0.00125803085722926,0.0988915199754224
2016-08-04,HC,XSGE,-0.262517948069802,-0.10203477217036,-0.00125803085722926,0.112688650102813
2016-08-05,HC,XSGE,-0.468645966069407,-0.206624012635579,-0.00125803085722926,0.1091080530788
2016-08-08,HC,XSGE,-0.468645966069407,-0.362153303483084,-0.0228355528134351,0.110665167830994
2016-08-09,HC,XSGE,-0.663221627999945,-0.376850015678347,-0.0228355528134351,0.113366384194344
2016-08-10,HC,XSGE,-0.75354543850397,-0.357947386206788,-0.0228355528134351,0.098786931820709
2016-08-11,HC,XSGE,-0.931879470186629,-0.324189675005596,-0.0228355528134351,0.112909368308438
2016-08-12,HC,XSGE,-0.772264832201148,-0.345311283501687,-0.0228355528134351,0.123014292427887
2016-08-15,HC,XSGE,-0.700951667088279,-0.283845233040326,-0.0228355528134351,0.151829965157785
2016-08-16,HC,XSGE,0.406756425272566,0.406756425272566,0.100656662179051,0.163260461389329
2016-08-17,HC,XSGE,0.324254137400482,0.324254137400482,0.0979808619307231,0.127205988118117
2016-08-18,HC,XSGE,0.116162899193162,0.116162899193162,0.070075960850522,0.115086206877827
2016-08-19,HC,XSGE,-0.0612781044201952,-0.0612781044201952,0.0341981937388496,0.0759569051891122
2016-08-22,HC,XSGE,0.0560275115454063,0.0560275115454063,0.0365706392365477,0.0317989983521946
2016-08-23,HC,XSGE,0.390918912866254,0.390918912866254,0.0803615568422204,0.0543192843514984
2016-08-24,HC,XSGE,0.363261800046759,0.363261800046759,0.0312129784380122,0.0355775705941204
2016-08-25,HC,XSGE,0.0462587933473554,0.0462587933473554,0.0149896384867216,0.0617861142592562
2016-08-26,HC,XSGE,0.0555302832728352,0.0555302832728352,0.0149896384867216,0.0763472206807573
2016-08-29,HC,XSGE,0.0418781115379707,0.0418781115379707,0.00830884706022094,0.134149540673658
2016-08-30,HC,XSGE,-0.181799069266561,-0.181799069266561,-0.00318176589370796,0.165754918094426
2016-08-31,HC,XSGE,-0.0375128727528411,-0.0375128727528411,0.0128240347425325,0.184259340957375
2016-09-01,HC,XSGE,0.236933354290341,0.170382204780195,0.0286570684131259,0.149904928007843
2016-09-02,HC,XSGE,0.0329125512979575,0.128619014917209,0.0286570684131259,0.158067157569287
2016-09-05,HC,XSGE,0.0753511594341963,0.102231637475306,0.0286570684131259,0.110502553795648
2016-09-06,HC,XSGE,0.193966302545502,0.132077643613795,0.0286570684131259,0.113034979327116
2016-09-07,HC,XSGE,0.328109345875859,0.212721898576353,0.0622835685466405,0.177218068638043
2016-09-08,HC,XSGE,-0.0433801208509467,0.134691708301038,0.031580133951154,0.189483040347802
2016-09-09,HC,XSGE,-0.0289361146244386,0.13350493061521,0.031580133951154,0.183486790688948
2016-09-12,HC,XSGE,0.0144921796868526,0.166909520974372,0.031580133951154,0.213807164447455
2016-09-13,HC,XSGE,0.062916136877818,0.177724436005324,0.031580133951154,0.213050066506096
2016-09-14,HC,XSGE,0.0338401821785639,0.177724436005324,0.0341121318658787,0.221996514105866
2016-09-19,HC,XSGE,0.0726225515375332,0.192203897469629,0.0349574208684715,0.228998157756427
2016-09-20,HC,XSGE,0.421977125357139,0.19239200115106,0.0346274185481777,0.19239200115106
2016-09-21,HC,XSGE,0.454943822698936,0.215530918430943,0.0645320795843165,0.215530918430943
2016-09-22,HC,XSGE,0.562658994975088,0.198000931939169,0.0739126801729303,0.198000931939169
2016-09-23,HC,XSGE,0.560112184324155,0.183140534108298,0.0714144854727339,0.029750251574625
2016-09-26,HC,XSGE,0.560106858154409,0.173896712605804,0.0716495340714554,0.0377219437427338
2016-09-27,HC,XSGE,0.486233091289785,0.216781047130076,0.0652160829030647,0.0395622007746185
2016-09-28,HC,XSGE,0.495491059266274,0.222847930308009,0.0660223323664827,0.0335612386844484
2016-09-29,HC,XSGE,0.592290783737007,0.199503277346465,0.0744523384014714,0.0354870162588671
2016-09-30,HC,XSGE,0.590123408401927,0.270540416887721,0.0704994590397024,0.03263681080217
2016-10-10,HC,XSGE,0.759621749901007,0.337154698713664,0.0852605758669495,0.0315211861738088
2016-10-11,HC,XSGE,0.521947437867552,0.295393938221235,0.10601891632511,0.0553092538464629
2016-10-12,HC,XSGE,0.606627466364708,0.252437445483904,0.107491459292613,0.0854307351137462
2016-10-13,HC,XSGE,0.532994998538569,0.258304315162281,0.104507308168716,0.0738292586562898
2016-10-14,HC,XSGE,0.400739418420596,0.179065961582228,0.0771400962725974,0.074298303127647
2016-10-17,HC,XSGE,0.400739418420596,0.162853968494804,0.0713581140084398,0.0601993125382397
2016-10-18,HC,XSGE,0.200664251691738,0.0753799898352494,0.0432242369637142,0.0581428194008777
2016-10-19,HC,XSGE,0.0709687271666648,-0.0617347210070883,0.0276764759262003,0.0714379165733188
2016-10-20,HC,XSGE,-0.0881327045839136,-0.0744269934925712,0.0224080337828038,0.0656532907173886
2016-10-21,HC,XSGE,-0.0881327045839136,-0.0659685196607582,0.0244313439999156,0.0713859570326835
2016-10-24,HC,XSGE,-0.0881327045839136,-0.0617347210070883,0.0268642863702856,0.0646694837625552
2016-10-25,HC,XSGE,-0.430146566780474,-0.236983709869776,-0.000791825789796404,0.0627532151900629
2016-10-26,HC,XSGE,-0.417332803967128,-0.239038901642855,0.00357035460550741,0.0649172780260171
2016-10-27,HC,XSGE,-0.417332803967128,-0.220516295568365,0.00118881870911102,0.0717131407990187
2016-10-28,HC,XSGE,-0.367323496062946,-0.0245551837714316,0.0331360377083067,0.0710336921272336
2016-10-31,HC,XSGE,0.311930963546853,0.220841312015576,0.0872107113457934,0.0645310369820006
2016-11-01,HC,XSGE,0.173208244521108,0.058346332633886,0.0611399558271042,0.0836145932457583
2016-11-02,HC,XSGE,0.0883100764789226,-0.0788161870874687,0.0472121680263532,0.0939484281346006
2016-11-03,HC,XSGE,-0.0717799525474504,-0.0940726822451693,0.0487093200843976,0.116292515591461
2016-11-04,HC,XSGE,-0.0717799525474504,-0.166005949356779,0.039014403890508,0.131179359053061
2016-11-07,HC,XSGE,-0.778467540771641,-0.310960730789991,0.0173292279447083,0.128918673110717
2016-11-08,HC,XSGE,-1.07861981173257,-0.380307371877706,0.00286913197739507,0.12737720524582
2016-11-09,HC,XSGE,-1.14432654208923,-0.525453923077041,-0.037319492245046,0.112709321033039
2016-11-10,HC,XSGE,-1.14432654208923,-0.637659283188217,-0.0572111463517757,0.0890444123472152
2016-11-11,HC,XSGE,-1.53128495267503,-0.658461766933023,-0.0873760079005838,0.0600900710854356
2016-11-14,HC,XSGE,-1.24583686474722,-0.694690169104773,-0.0700494297966092,0.0734537329564636
2016-11-15,HC,XSGE,-1.24583686474722,-0.521912812128661,-0.0244375933988523,0.0775608217170925
2016-11-16,HC,XSGE,-0.0323683805425476,-0.0323683805425476,0.0194382108028834,0.0723113420180503
2016-11-17,HC,XSGE,-0.0646451667400819,-0.0646451667400819,0.0194382108028834,0.080990813936715
2016-11-18,HC,XSGE,-0.0789611397521078,-0.0789611397521078,0.0194382108028834,0.0858294368656036
2016-11-21,HC,XSGE,0.0505341016454966,0.0505341016454966,0.0194382108028834,0.090828932931698
2016-11-22,HC,XSGE,-0.347605413679387,-0.347605413679387,0.0162907298307924,0.0876682461888872
2016-11-23,HC,XSGE,-0.138628132959347,-0.138628132959347,0.0570331976492561,0.0852189545248506
2016-11-24,HC,XSGE,0.0798573857040252,0.0798573857040252,0.0619045175848842,0.0434048784401564
2016-11-25,HC,XSGE,0.572180418719881,0.572180418719881,0.0859281305751951,0.0167008038125773
2016-11-28,HC,XSGE,0.355834584025499,0.355834584025499,0.0462807929362376,0.00602683372441944
2016-11-29,HC,XSGE,-0.109956195992087,0.0124278862096211,0.0191017068236444,0.0453378915075593
2016-11-30,HC,XSGE,0.390651747872293,0.119780539279742,0.00818269536611545,0.0469412226834263
2016-12-01,HC,XSGE,-0.0196772619243632,0.039271022855964,0.00818269536611545,0.0551226624607579
2016-12-02,HC,XSGE,-0.198487750059495,0.00139160541727445,-0.00998737203453593,0.0551406757975822
2016-12-05,HC,XSGE,-0.272439735675777,-0.0393276712556932,-0.00998737203453593,0.0233579258992873
2016-12-06,HC,XSGE,-0.547912874765509,-0.106814426017459,-0.00998737203453593,0.0118002828895801
2016-12-07,HC,XSGE,-0.899091706579454,-0.184098653989608,-0.00998737203453593,0.00816838536228284
2016-12-08,HC,XSGE,-0.877836875458961,-0.171172320816052,-0.00998737203453593,0.0188551224492686
2016-12-09,HC,XSGE,-0.783229309662683,-0.148383559701621,0.00755107086216284,0.02233126381732
2016-12-12,HC,XSGE,-1.18370102248331,-0.214206177582861,-0.0339548005603361,0.0464983185248246
2016-12-13,HC,XSGE,-1.20144013958908,-0.214842706498468,-0.0208072448522945,0.0504608049208554
2016-12-14,HC,XSGE,-1.0975708775149,-0.18216410523245,-0.00812169993688646,0.0639956990787983
2016-12-15,HC,XSGE,-1.08862362904985,-0.173115683008128,-0.00438074436888631,0.0730713276921663
2016-12-16,HC,XSGE,0.203897588609554,0.0954541095682255,0.092298007825188,0.0954541095682255
2016-12-19,HC,XSGE,0.204432066582784,0.122473669407154,0.0721908594100181,0.122473669407154
2016-12-20,HC,XSGE,0.673770816741419,0.148212179068009,0.0575993753425482,0.148212179068009
2016-12-21,HC,XSGE,0.675170925258943,0.137461584952604,0.0540353924604079,0.137461584952604
2016-12-22,HC,XSGE,0.514800972817715,0.160258358110202,0.0629130311849045,0.160258358110202
2016-12-23,HC,XSGE,0.234865315265459,0.177568339061824,0.0376936025765931,0.177568339061824
2016-12-26,HC,XSGE,-0.0171967048652822,0.204497738254968,0.0149853124747245,0.204497738254968
2016-12-27,HC,XSGE,-0.0240821983522199,0.18334608048392,0.0143649977461716,0.18334608048392
2016-12-28,HC,XSGE,0.271892134085967,0.170735858476787,0.0410293520198821,0.170735858476787
2016-12-29,HC,XSGE,0.197725468655671,0.20079720819232,0.0549724637276091,0.20079720819232
2016-12-30,HC,XSGE,0.217997619971635,0.243453101856467,0.0706593218771391,0.243453101856467
2017-01-03,HC,XSGE,0.345609425610093,0.253590693653645,0.0821558809436668,0.253590693653645
2017-01-04,HC,XSGE,0.187576712332483,0.235783965476849,0.0679186995673056,0.235783965476849
2017-01-05,HC,XSGE,0.358964714181257,0.23508127076773,0.0833590600942222,0.23508127076773
2017-01-06,HC,XSGE,0.332239460894675,0.275941245257656,0.0809513796179535,0.275941245257656
2017-01-09,HC,XSGE,0.355627266165076,0.278149651316998,0.0830583891017734,0.278149651316998
2017-01-10,HC,XSGE,0.412239749130735,0.151074724297384,0.0881586127923733,0.151074724297384
2017-01-11,HC,XSGE,0.413703213203444,0.147026559084379,0.110967002149941,0.147026559084379
2017-01-12,HC,XSGE,0.384382004742545,0.105401859470724,0.108325451838149,0.0973289322969917
2017-01-13,HC,XSGE,0.328803960136365,0.114455764244476,0.103318420792547,0.0973885079057414
2017-01-16,HC,XSGE,0.0814917089902198,0.046211448734832,0.087076161441937,0.0950407522283894
2017-01-17,HC,XSGE,-0.007006565224161,0.0622067509854783,0.0741381234188537,0.0735797851552963
2017-01-18,HC,XSGE,-0.007006565224161,0.0914123560565228,0.0925264985357908,0.0788239346825719
2017-01-19,HC,XSGE,-0.007006565224161,0.189524581478912,0.0970118174086336,0.0621975075454911
2017-01-20,HC,XSGE,-0.007006565224161,0.219654474976654,0.11775387536887,0.0633525510879582
2017-01-23,HC,XSGE,0.996406900660899,0.314661110509,0.139884253766275,0.0645587072707242
2017-01-24,HC,XSGE,0.999795137534736,0.0856215565490748,0.0776566181470635,0.0641984615437245
2017-01-25,HC,XSGE,0.999795137534736,0.0626137901993043,0.0724972606912701,0.0692892757270887
2017-01-26,HC,XSGE,1.00063526120406,-0.0486953987190164,0.0576529001208031,0.0760251860836823
2017-02-03,HC,XSGE,1.00063526120406,0.178109984758176,0.0980717576581273,0.0549519141003008
2017-02-06,HC,XSGE,1.00063526120406,0.256183226626647,0.116827230212149,0.0646471421301491
2017-02-07,HC,XSGE,1.00063526120406,0.190024936763412,0.105401637628133,0.0770955863860092
2017-02-08,HC,XSGE,0.120045098790649,0.120221926956211,0.0927716472568223,0.0750735886009341
2017-02-09,HC,XSGE,-0.251039395021848,0.0747247115891845,0.0809395565233458,0.0749241369255661
2017-02-10,HC,XSGE,-0.251039395021848,0.0274323671352847,0.0695576643200789,0.0808996579535867
2017-02-13,HC,XSGE,-0.691075817116081,-0.0957066097238333,0.0392485064986407,0.07514480126727
2017-02-14,HC,XSGE,-0.691075817116081,-0.121224301327681,0.0264230009864157,0.0779718297407567
2017-02-15,HC,XSGE,-0.56685949492875,-0.110149156612887,0.0317226389041945,0.0775238696823431
2017-02-16,HC,XSGE,0.267968569617977,0.0946361468719921,0.0783059977869999,0.0794458564373203
2017-02-17,HC,XSGE,0.269641270158341,0.161943519041304,0.0954021066748345,0.0883219075725118
2017-02-20,HC,XSGE,0.269641270158341,0.107473899806469,0.0809850659899754,0.0875065898969288
2017-02-21,HC,XSGE,0.269641270158341,0.0377119308662758,0.0664572909620225,0.0877690632099833
2017-02-22,HC,XSGE,0.781679941329993,0.458291618595972,0.138008108702062,0.0766930976514046
2017-02-23,HC,XSGE,0.781679941329993,0.544481761518247,0.14972595724645,0.0651193610353884
2017-02-24,HC,XSGE,0.781679941329993,0.717305516670812,0.176724404894313,0.0636223831319831
2017-02-27,HC,XSGE,0.422045116784348,0.300985959351404,0.121144303192864,0.0831709852669719
2017-02-28,HC,XSGE,0.422378610657915,0.332198903439521,0.11750383464244,0.0843504707973916
2017-03-01,HC,XSGE,0.422378610657915,0.452717056368467,0.140139737454481,0.0778922974054064
2017-03-02,HC,XSGE,0.422378610657915,0.452717056368467,0.143640167283836,0.08062443588677
2017-03-03,HC,XSGE,1.05790442562708,0.577415144361088,0.143640167283836,0.0774688413314559
2017-03-06,HC,XSGE,1.05790442562708,0.611568242547311,0.149713219098536,0.080725367938823
2017-03-07,HC,XSGE,1.05790442562708,0.654535586143251,0.15711079921339,0.0806102511934101
2017-03-08,HC,XSGE,1.05790442562708,0.694339912485614,0.15711079921339,0.0911431091164406
2017-03-09,HC,XSGE,1.05790442562708,0.818911503143885,0.15711079921339,0.097485063047952
2017-03-10,HC,XSGE,1.05790442562708,0.734410800576705,0.152601892216867,0.116366170700052
2017-03-13,HC,XSGE,1.05790442562708,0.65798633973218,0.152601892216867,0.12492030075343
2017-03-14,HC,XSGE,1.05790442562708,0.534996091354142,0.136017441584243,0.137877186666626
2017-03-15,HC,XSGE,1.05790442562708,0.471089624084513,0.110371783418302,0.109848331478938
2017-03-16,HC,XSGE,-0.184019350106849,-0.184019350106849,0.00721330346292911,0.101825361259181
2017-03-17,HC,XSGE,-0.158412494671935,-0.158412494671935,0.00721330346292911,0.0999457100835698
2017-03-20,HC,XSGE,-0.17670823702362,-0.17670823702362,0.00941808378430947,0.104661499395189
2017-03-21,HC,XSGE,0.111671564871098,0.111671564871098,0.0397856987355389,0.116318827527712
2017-03-22,HC,XSGE,0.460220580558316,0.460220580558316,0.121160101622954,0.121755493041995
2017-03-23,HC,XSGE,0.53724127307441,0.53724127307441,0.121160101622954,0.13361466719237
2017-03-24,HC,XSGE,0.614719743567598,0.614719743567598,0.126057203663687,0.129952388760687
2017-03-27,HC,XSGE,1.05732060895829,1.05732060895829,0.164223418156812,0.111476866484556
2017-03-28,HC,XSGE,1.06134087553935,0.246646999806353,0.164223418156812,0.0985208405821716
2017-03-29,HC,XSGE,0.945253600053333,0.204531981807904,0.164223418156812,0.0698553239450986
2017-03-30,HC,XSGE,0.826241383092432,0.188181042334188,0.164223418156812,0.0721700712872342
2017-03-31,HC,XSGE,0.806511222998198,0.193825909407188,0.162772546827323,0.0824285796633679
2017-04-05,HC,XSGE,0.665328821832311,0.18005529377926,0.156627615808649,0.0918237432241602
2017-04-06,HC,XSGE,0.814399703895942,0.213391864654759,0.156627615808649,0.104117712065453
2017-04-07,HC,XSGE,1.03322501192077,0.264134064145925,0.156627615808649,0.12429934636868
2017-04-10,HC,XSGE,1.04928379348442,0.267389209326553,0.137333175233037,0.125226557661487
2017-04-11,HC,XSGE,1.28438700323842,0.29164291126794,0.14908393340995,0.111143985455126
2017-04-12,HC,XSGE,1.72533067375784,0.349854845190492,0.177735533384214,0.0997683309055191
2017-04-13,HC,XSGE,1.84434030374189,0.349176051985335,0.177735533384214,0.0773280062114173
2017-04-14,HC,XSGE,1.67044337462335,0.322211013749548,0.160961646087851,0.0770778572270376
2017-04-17,HC,XSGE,1.61998248211972,0.329590329504784,0.193277595922116,0.0949735744838858
2017-04-18,HC,XSGE,-0.153913218454318,0.097890688015448,0.0326461486584423,0.097890688015448
2017-04-19,HC,XSGE,0.066487899754914,0.0977676958258658,0.0251159980242127,0.0977676958258658
2017-04-20,HC,XSGE,0.0669773565575129,0.0985004976694977,0.0171708796539331,0.0985004976694977
2017-04-21,HC,XSGE,0.0660491058290249,0.0704481844660308,0.0322887512135974,0.0704481844660308
2017-04-24,HC,XSGE,0.0234701610240973,0.0718760228373696,0.0229549040943423,0.0718760228373696
2017-04-25,HC,XSGE,-0.0385155513499196,0.0613609212029238,0.0369257714902563,0.0613609212029238
2017-04-26,HC,XSGE,0.1641960524107,0.0618666086004037,0.0556283301705515,0.0618666086004037
2017-04-27,HC,XSGE,0.28639794250711,0.0709164928824199,0.0612116872677783,0.0709164928824199
2017-04-28,HC,XSGE,-0.033774602262325,0.0197511965525161,0.065380452948479,0.0197511965525161
2017-05-02,HC,XSGE,-0.0368635039646295,0.0276599276089935,0.0846259209875296,0.0744937719047945
2017-05-03,HC,XSGE,-0.122978926866221,0.0257790179199149,0.0688422453102714,0.055862450317067
2017-05-04,HC,XSGE,-0.121243389888515,0.00872100952891534,0.0164457063801335,0.0418870774351732
2017-05-05,HC,XSGE,0.225890737525559,0.0471117404485895,-0.00110528365357822,0.0601484776153803
2017-05-08,HC,XSGE,-0.0276250687606737,0.0441527223326299,0.0109914211620197,0.0635800681827488
2017-05-09,HC,XSGE,-0.0276807364567588,0.06135556175914,0.00880201593891619,0.0754440237855618
2017-05-10,HC,XSGE,-0.0273319157185591,0.0743348999608375,0.0225943034192266,0.0776971318784624
2017-05-11,HC,XSGE,-0.0273047512922676,0.0799445051135918,0.0236757465387163,0.0862312402576782
2017-05-12,HC,XSGE,-0.0273682191425178,0.0973116199576634,0.074741267179376,0.0573707842834629
2017-05-15,HC,XSGE,-0.0264716202203547,0.16570049388007,0.108262111841707,0.0655382157998768
2017-05-16,HC,XSGE,0.764232220584431,0.21208828380463,0.104787593138055,0.0626838614601815
2017-05-17,HC,XSGE,0.341730215480443,0.116500914995901,0.0724703236926937,0.0797493336564518
2017-05-18,HC,XSGE,0.341730215480443,0.080089664621818,0.0679839087513636,0.0990417977525915
2017-05-19,HC,XSGE,0.341730215480443,0.0460529851941014,0.0698510104720029,0.0845284153011708
2017-05-22,HC,XSGE,0.0249785020830845,0.0260797130249919,0.0485309571631093,0.0843373774926236
2017-05-23,HC,XSGE,0.0249785020830845,0.0345113894389612,0.0528235232240746,0.0768166921198145
2017-05-24,HC,XSGE,0.0283649508937375,0.0803080011091455,0.0722263313234079,0.090574568288999
2017-05-25,HC,XSGE,0.0283649508937375,0.0604964275478317,0.0707774555775193,0.0938661839457087
2017-05-26,HC,XSGE,0.0283649508937375,0.11266698401808,0.0879242855543278,0.0955510017388472
2017-05-31,HC,XSGE,0.0291626876661452,0.0304652498039497,0.0602293488770463,0.0876110670886748
2017-06-01,HC,XSGE,0.0291626876661452,0.109007934251183,0.0901201523462474,0.102230605932466
2017-06-02,HC,XSGE,0.0291626876661452,0.109007934251183,0.0897414261697806,0.115878080858087
2017-06-05,HC,XSGE,0.0291626876661452,0.158549647087297,0.114635768508447,0.120640342435238
2017-06-06,HC,XSGE,0.0291626876661452,0.19372763351096,0.117739254786683,0.10382777344647
2017-06-07,HC,XSGE,0.418999247277986,0.178600261712918,0.10961132576668,0.10608420307055
2017-06-08,HC,XSGE,0.418999247277986,0.163549614023849,0.104226097974307,0.10415179123561
2017-06-09,HC,XSGE,0.418999247277986,0.094305279856798,0.0870940116205399,0.130286335904597
2017-06-12,HC,XSGE,0.418999247277986,0.0275958091212574,0.082946703526165,0.166214053204303
2017-06-13,HC,XSGE,-0.0327191459416273,0.0631809861451035,0.0878497615616274,0.139723481204124
2017-06-14,HC,XSGE,-0.0327191459416273,0.0933276881250801,0.0950555739107421,0.132973139238115
2017-06-15,HC,XSGE,-0.0327191459416273,-0.00851229813115508,0.0635515366547787,0.154863579925048
2017-06-16,HC,XSGE,-0.112672461049158,0.0462835615573034,0.0946131568870525,0.149972962706468
2017-06-19,HC,XSGE,-0.112672461049158,0.0112091056024218,0.0946131568870525,0.1486427304017
2017-06-20,HC,XSGE,-0.112672461049158,-0.00497178744908717,0.0767536146580541,0.162235888517652
2017-06-21,HC,XSGE,-0.112672461049158,0.0374861514577602,0.0905782359010518,0.165306123007199
2017-06-22,HC,XSGE,-0.112672461049158,-0.00869658791270885,0.0724242451662076,0.159498646322074
2017-06-23,HC,XSGE,-0.0855678671943166,0.0149524460617053,0.0763921741210938,0.155267057132591
2017-06-26,HC,XSGE,0.150150386730242,0.140368690897549,0.0962500769470665,0.159531158635634
2017-06-27,HC,XSGE,0.0861334885721187,0.250437566080491,0.1468660203167,0.172288951895061
2017-06-28,HC,XSGE,-0.149245308777111,0.159182510182004,0.111680967211965,0.174418306131916
2017-06-29,HC,XSGE,0.22517455175732,0.191916772188878,0.120483806220487,0.144686165319736
2017-06-30,HC,XSGE,0.24994707438294,0.221184306158524,0.122621910851865,0.155361809854142
2017-07-03,HC,XSGE,0.24994707438294,0.16092085421033,0.122621910851865,0.161538166871958
2017-07-04,HC,XSGE,0.24994707438294,0.157403985058239,0.118190075484888,0.156517120962936
2017-07-05,HC,XSGE,0.24994707438294,0.139865745436234,0.118530344719873,0.16553558099657
2017-07-06,HC,XSGE,0.24994707438294,0.202180473103192,0.118530344719873,0.164477221233026
2017-07-07,HC,XSGE,0.24994707438294,0.177373806126995,0.109042864991911,0.149972195774277
2017-07-10,HC,XSGE,0.24994707438294,0.120081340551336,0.0790967552034618,0.127381129357269
2017-07-11,HC,XSGE,0.24994707438294,0.0362168511272401,0.0579711473121955,0.137625636493451
2017-07-12,HC,XSGE,0.24994707438294,-0.0392412956352889,0.0637803029943594,0.139635340075177
2017-07-13,HC,XSGE,-0.383012337204397,-0.0736801332536602,0.0602265735018102,0.122422439306563
2017-07-14,HC,XSGE,-0.441178953505017,-0.0537194058000005,0.0184646290908579,0.131074966389037
2017-07-17,HC,XSGE,-0.441178953505017,-0.130792661331208,0.0525131006875389,0.143205353505341
2017-07-18,HC,XSGE,-0.0850808534995124,0.0747931531444552,0.101448292808171,0.142154023261857
2017-07-19,HC,XSGE,0.253351121087914,0.219536384321892,0.13856138281275,0.145269800632077
2017-07-20,HC,XSGE,0.234627247200256,0.273722281292118,0.13856138281275,0.16023834493271
2017-07-21,HC,XSGE,0.0893439027751654,0.143182795616449,0.0958736226322722,0.165354977828982
2017-07-24,HC,XSGE,-0.115939385303426,0.0781916987491312,0.0762843050468362,0.153740187114313
2017-07-25,HC,XSGE,-0.253011582437424,0.0389767830864968,0.0759847717834233,0.124014597822044
2017-07-26,HC,XSGE,-0.369666750452622,-0.0499660768083625,0.0759847717834233,0.107498058355997
2017-07-27,HC,XSGE,-0.316211914259243,0.01134159630248,0.108258087620533,0.113182503384881
2017-07-28,HC,XSGE,-0.400997778914621,-0.0419356611938076,0.0928171672863543,0.105397837514326
2017-07-31,HC,XSGE,-0.715900592019503,-0.195803610643339,0.0730976892317164,0.116896242354005
2017-08-01,HC,XSGE,-0.694556715958697,-0.231705412432334,0.0663907658066286,0.105275706631884
2017-08-02,HC,XSGE,-0.70065891539479,-0.24258873189776,0.00781690941486362,0.0942293824637966
2017-08-03,HC,XSGE,-0.721991742464909,-0.270482372376727,0.00781690941486362,0.0658424418806188
2017-08-04,HC,XSGE,-0.927237944856363,-0.345752214931485,-0.0136940062155157,0.0397130869086812
2017-08-07,HC,XSGE,-1.38212317671607,-0.593823957119696,-0.0566204340163754,0.063308919900662
2017-08-08,HC,XSGE,-1.3792440488014,-0.614275430501161,-0.0566204340163754,0.0691480565229088
2017-08-09,HC,XSGE,-1.41661790904992,-0.595287135149895,-0.0682190484909244,0.0400701535429257
2017-08-10,HC,XSGE,-1.58476246317815,-0.255413559364797,-0.0682190484909244,0.0364951720800286
2017-08-11,HC,XSGE,-1.4108758004024,-0.222778017371402,-0.051203311111322,0.0518970734804463
2017-08-14,HC,XSGE,-1.26058950267142,-0.169614348429287,-0.0283861414434981,0.0823473632100883
2017-08-15,HC,XSGE,-1.07885823747738,-0.118361817855086,-0.0035889757583655,0.0984786399554796
2017-08-16,HC,XSGE,0.252451706972468,0.125804631699098,0.102276140966734,0.0826611225400377
2017-08-17,HC,XSGE,0.055962501205222,0.0580511730089007,0.102276140966734,0.0587626985683957
2017-08-18,HC,XSGE,0.194331537316871,0.0988317448279918,0.125482453953364,0.0662988484856263
2017-08-21,HC,XSGE,-0.103890617108323,0.0192114478966667,0.0961149854152559,0.0611473161950699
2017-08-22,HC,XSGE,0.0885604078104662,0.0702436557768236,0.116108488041588,0.0640038831060222
2017-08-23,HC,XSGE,0.0679992980079235,0.0843245266319163,0.0776658438581653,0.0898858682510786
2017-08-24,HC,XSGE,0.0382136188960672,0.065590855621648,0.0825798313243761,0.074917167033659
2017-08-25,HC,XSGE,0.130604884659323,0.0814542209720234,0.124791060319953,0.0647105882873389
2017-08-28,HC,XSGE,0.0201145515274597,0.0559644792777009,0.0772823875748014,0.0681770920277831
2017-08-29,HC,XSGE,0.116226280347619,0.0799023844940366,0.0965639630821567,0.0675283100823765
2017-08-30,HC,XSGE,0.176758767570665,0.0890309598207242,0.0931550612594479,0.05914566267514
2017-08-31,HC,XSGE,0.0375849345865114,0.0502960233183558,0.0714041542897913,0.0546261744248083
2017-09-01,HC,XSGE,-0.11495315395104,0.0215548719015754,0.0896095054958706,0.0680576059832356
2017-09-04,HC,XSGE,-0.496525863662076,-0.0902615758300094,0.0660226681949172,0.0481361485962989
2017-09-05,HC,XSGE,-0.5154185565039,-0.103430660522602,0.0660226681949172,0.0369168644820155
2017-09-06,HC,XSGE,-0.439665211700015,-0.0819142931902526,0.0660226681949172,0.0399568988295564
2017-09-07,HC,XSGE,-0.275676578257075,-0.0341680033884375,0.0660226681949172,0.0481041484898896
2017-09-08,HC,XSGE,0.137711435921439,0.0632837448926838,0.0972149116689134,0.0379292567400311
2017-09-11,HC,XSGE,0.319178591828981,0.114892556002463,0.0972149116689134,0.0453006097318905
2017-09-12,HC,XSGE,0.307930257036638,0.11344689118637,0.0972149116689134,0.0471943160066088
2017-09-13,HC,XSGE,0.243460044391702,0.101186863004844,0.0972149116689134,0.0527201748400896
2017-09-14,HC,XSGE,0.324806791529064,0.139576343551906,0.0972149116689134,0.0764758612739735
2017-09-15,HC,XSGE,0.378409298728377,0.16226103132896,0.0972149116689134,0.0886281050720152
2017-09-18,HC,XSGE,0.410740825068848,0.0924141289111359,0.051873356805062,0.0924141289111359
2017-09-19,HC,XSGE,0.407792402258663,0.0914421213912948,0.0786511134577134,0.0914421213912948
2017-09-20,HC,XSGE,0.232558484950339,0.095813201024511,0.0630516549436192,0.130684622708995
2017-09-21,HC,XSGE,0.196606722764838,0.0809319049975697,0.0974751017567819,0.132182173148596
2017-09-22,HC,XSGE,0.195415290743094,0.130944826167845,0.0701564625018349,0.123272891077076
2017-09-25,HC,XSGE,0.0405816070058845,0.108299117184115,0.0693090834984046,0.135862419306684
2017-09-26,HC,XSGE,0.146082565609957,0.10212404870736,0.101113428214771,0.140253581745157
2017-09-27,HC,XSGE,0.0491459054176199,0.0827037343846013,0.0839450253461141,0.146643701377515
2017-09-28,HC,XSGE,0.0919863252669888,0.085495009699469,0.0812907527500276,0.145401456834592
2017-09-29,HC,XSGE,0.0922653562243404,0.0898858682510786,0.103829340448929,0.155893422743932
2017-10-09,HC,XSGE,0.0921158794347893,0.0788426173690807,0.107109882108043,0.179545026165687
2017-10-10,HC,XSGE,-0.286713834125669,0.0854733198259823,0.104371536360461,0.174132118504376
2017-10-11,HC,XSGE,-0.257361012236315,0.128124762593049,0.12794378620867,0.157222885149315
2017-10-12,HC,XSGE,-0.0932316184044334,0.136665211781276,0.114114505089338,0.167753452728369
2017-10-13,HC,XSGE,-0.0936127083585735,0.0980011861469244,0.1201440448604,0.16939040288633
2017-10-16,HC,XSGE,-0.0936011144101059,0.0969068640459825,0.108692531861167,0.184126438054969
2017-10-17,HC,XSGE,0.153542584626712,0.294790499316216,0.161921457089037,0.146697177580962
2017-10-18,HC,XSGE,0.425092429561104,0.238479837870274,0.148330597890497,0.140356426569867
2017-10-19,HC,XSGE,0.424568995746642,0.112575875900285,0.107801500411535,0.12901684022093
2017-10-20,HC,XSGE,0.424568995746642,0.0567737215982714,0.0964707178371195,0.107172179002562
2017-10-23,HC,XSGE,0.424568995746642,-0.0118840288466356,0.0817385673725628,0.0942337045396765
2017-10-24,HC,XSGE,0.424568995746642,-0.0636009156818439,0.0669136205282306,0.0818638996866627
2017-10-25,HC,XSGE,-0.239509046697544,-0.0782954381882371,0.0698046655245638,0.0970262513283322
2017-10-26,HC,XSGE,-0.237949573788949,0.037514897540364,0.0896368261966635,0.105096827082759
2017-10-27,HC,XSGE,-0.237949573788949,0.168392486399876,0.102163765656031,0.0913005166912233
2017-10-30,HC,XSGE,-0.237911817309985,0.159654181761496,0.0899184043959323,0.0947836572940297
2017-10-31,HC,XSGE,-0.23549122259431,0.168777630122398,0.0940174210545245,0.0987951348795432
2017-11-01,HC,XSGE,-0.23549122259431,0.219886784232788,0.0931225272925535,0.0793000806566947
2017-11-02,HC,XSGE,-0.23549122259431,0.269867604680565,0.105115123599954,0.082430655688658
2017-11-03,HC,XSGE,-0.23549122259431,0.21522241614622,0.0895502624785126,0.0735665022297755
2017-11-06,HC,XSGE,-0.23549122259431,0.113515606727724,0.0747902545893961,0.0842664463975469
2017-11-07,HC,XSGE,-0.23549122259431,0.0693671835343763,0.0648661242548352,0.0717738696553591
2017-11-08,HC,XSGE,-0.23549122259431,0.128815043744586,0.0704008483483981,0.06373923574363
2017-11-09,HC,XSGE,-0.23549122259431,0.0496817589093631,0.0596484329946833,0.0707486634387751
2017-11-10,HC,XSGE,-0.23549122259431,0.0210267515078817,0.0610952945475651,0.086888506066258
2017-11-13,HC,XSGE,-0.23549122259431,-0.0700542335373491,0.0628340608193271,0.118272073778934
2017-11-14,HC,XSGE,-0.23549122259431,-0.114344639732731,0.067775642403889,0.136873244996971
2017-11-15,HC,XSGE,-0.0486789013135128,-0.0774587717392437,0.0874718212600023,0.160653399011553
2017-11-16,HC,XSGE,0.147959042260771,0.147959042260771,0.11734805699352,0.181808451794131
2017-11-17,HC,XSGE,0.29484459927623,0.29484459927623,0.11734805699352,0.170399866642162
2017-11-20,HC,XSGE,0.363032238327445,0.363032238327445,0.11734805699352,0.149555780744681
2017-11-21,HC,XSGE,0.21823546207573,0.21823546207573,0.101127599582273,0.131002962309738
2017-11-22,HC,XSGE,0.165488862196198,0.165488862196198,0.0941245616190775,0.113893059126609
2017-11-23,HC,XSGE,0.177540332452906,0.177540332452906,0.0957759078544218,0.109524171717747
2017-11-24,HC,XSGE,0.33102911034018,0.33102911034018,0.0957759078544218,0.11178396191902
2017-11-27,HC,XSGE,0.180473249032603,0.120369164682826,0.0957759078544218,0.1048422762258
2017-11-28,HC,XSGE,0.118363614299381,0.124638974213687,0.101906737851523,0.126260108858216
2017-11-29,HC,XSGE,0.180111365357118,0.127361606838194,0.115379370218533,0.113734585887472
2017-11-30,HC,XSGE,-0.0341363666466776,0.0760455866118197,0.097851342550302,0.104509257870265
2017-12-01,HC,XSGE,0.0342356244553014,0.0936122189296223,0.097851342550302,0.108951172502155
2017-12-04,HC,XSGE,-0.124685765957625,0.052023341271431,0.103924509439653,0.0976731939722705
2017-12-05,HC,XSGE,-0.253642508196992,0.0383178869556173,0.103924509439653,0.113740989036708
2017-12-06,HC,XSGE,-0.0113897890849342,0.0960452523942681,0.103924509439653,0.123799304776395
2017-12-07,HC,XSGE,0.175073501377467,0.145227387351857,0.123825560220883,0.137517141228575
2017-12-08,HC,XSGE,0.169291918374786,0.155808765194463,0.123825560220883,0.152325617289547
2017-12-11,HC,XSGE,0,0.121741059746194,0.123825560220883,0.153190833513961
2017-12-12,HC,XSGE,-0.00284848036912651,0.117439411273629,0.123825560220883,0.14851378328134
2017-12-13,HC,XSGE,0.0857764372704716,0.154561490376778,0.123825560220883,0.172330962429241
2017-12-14,HC,XSGE,0.0114008176890201,0.15643264403211,0.123235016987561,0.193899199170742
2017-12-15,HC,XSGE,0.0285227696375349,0.13531057941991,0.123235016987561,0.162897430280357
2017-12-18,HC,XSGE,0.490121695122078,0.157681511668963,0.123919089739482,0.157681511668963
2017-12-19,HC,XSGE,0.398771552686318,0.173072199588185,0.115219076174171,0.173072199588185
2017-12-20,HC,XSGE,0.390430601674783,0.199223378515391,0.114424699887359,0.199223378515391
2017-12-21,HC,XSGE,0.550557736860275,0.177205043424344,0.118654676607339,0.177205043424344
2017-12-22,HC,XSGE,0.660843826897697,0.166935117636785,0.12915811375376,0.166935117636785
2017-12-25,HC,XSGE,1.21095585704765,0.18164600555077,0.124706555902134,0.18164600555077
2017-12-26,HC,XSGE,1.21314741525005,0.204430558741308,0.120236681047826,0.204430558741308
2017-12-27,HC,XSGE,0.669054833970187,0.190951133355598,0.120763504299572,0.190951133355598
2017-12-28,HC,XSGE,0.362490475994178,0.213068638057862,0.120500124610122,0.213068638057862
2017-12-29,HC,XSGE,0.433643578857656,0.223216391868658,0.128635346889094,0.10225654978824
2018-01-02,HC,XSGE,0.383206073775727,0.214173534697103,0.134371992367617,0.103956886064622
2018-01-03,HC,XSGE,0.187398513354167,0.20657507031057,0.133331216696331,0.112115694288386
2018-01-04,HC,XSGE,0.240140448662764,0.233041163675755,0.134111891917719,0.0994939925141961
2018-01-05,HC,XSGE,0.131992794034111,0.258568059299314,0.133070866899085,0.0907286022571076
2018-01-08,HC,XSGE,0.3647860625091,0.268781555616534,0.130463931345558,0.0867130317396857
2018-01-09,HC,XSGE,0.0933144039884198,0.230069007918576,0.133331216696331,0.0943304587126599
2018-01-10,HC,XSGE,0.104217483858119,0.232139365930707,0.134632030555288,0.0865996415491387
2018-01-11,HC,XSGE,0.190131531217983,0.218245133874339,0.133591504111932,0.0894673590079434
2018-01-12,HC,XSGE,0.0549832349336057,0.239565224360379,0.129680629167301,0.0801487511399989
2018-01-15,HC,XSGE,0.0604961639920967,0.254636755175252,0.129680629167301,0.0728248731411224
2018-01-16,HC,XSGE,0.455256745228714,0.301445468793498,0.131887031759897,0.0762405119648881
2018-01-17,HC,XSGE,0.455256745228714,0.308999546830325,0.136978893255578,0.0770232955205221
2018-01-18,HC,XSGE,0.257314856008062,0.296058109583405,0.135778678412311,0.0799794729940528
2018-01-19,HC,XSGE,0.287322678581554,0.288527543149823,0.140587443333264,0.0753614940822512
2018-01-22,HC,XSGE,0.280511486256546,0.238197666862626,0.125565248895909,0.0674841103979909
2018-01-23,HC,XSGE,0.280511486256546,0.249888898177932,0.124081431021959,0.0670476237048341
2018-01-24,HC,XSGE,0.152528439754269,0.18938903914429,0.106904618468694,0.0648222558528365
2018-01-25,HC,XSGE,0,0.142009991856527,0.0951784184138162,0.0640760340088099
2018-01-26,HC,XSGE,-0.129206282489877,0.101320410124887,0.0870374589357665,0.0708712876465445
2018-01-29,HC,XSGE,-0.129206282489877,0.104461438122576,0.0864531859495987,0.0703052558346751
2018-01-30,HC,XSGE,-0.600022769136263,-0.0168864447910732,0.0541356686553254,0.0688325807685508
2018-01-31,HC,XSGE,-0.408364612838737,0.0482421252682251,0.0720270268441263,0.0701884908378942
2018-02-01,HC,XSGE,-0.408364612838737,0.00834973059578006,0.067622080140987,0.0856468718946969
2018-02-02,HC,XSGE,-0.621001471972767,-0.0353000196453072,0.0626511142690125,0.0896682229969781
2018-02-05,HC,XSGE,-0.621001471972767,-0.042530525998619,0.0591557211518782,0.0901254384004008
2018-02-06,HC,XSGE,-0.621001471972767,-0.0414983679062645,0.0559613733997107,0.0876831767251393
2018-02-07,HC,XSGE,-0.572227449664893,-0.0301276442740145,0.0597375131486031,0.0904005213543929
2018-02-08,HC,XSGE,-0.555930258398137,-0.0435624273032891,0.0530654771416437,0.0839477342426036
2018-02-09,HC,XSGE,-0.282486785005218,-0.0176875631483738,0.0565414719028482,0.0826271652412132
2018-02-12,HC,XSGE,0.138430491681126,0.146130722000242,0.0785028288984847,0.0783043313594182
2018-02-13,HC,XSGE,0.138430491681126,0.114515165317142,0.0785028288984847,0.0778848761494875
2018-02-14,HC,XSGE,0.139955743625381,0.171733301730936,0.0837253277295959,0.0760494370320752
2018-02-22,HC,XSGE,0.139955743625381,0.230596345664507,0.0837253277295959,0.0724459344235919
2018-02-23,HC,XSGE,0.15385732974593,0.263729567712186,0.0850453596460872,0.057783903543136
2018-02-26,HC,XSGE,0.153258712755095,0.00887995199935417,0.0693655183464555,0.0646419525239921
2018-02-27,HC,XSGE,0.155266288095613,-0.0014707156415197,0.075238811806031,0.0732263033855068
2018-02-28,HC,XSGE,0.155681188389304,0.0655385145410966,0.0918837110147396,0.0807554567390599
2018-03-01,HC,XSGE,0.439284131721408,0.199687553014527,0.11881336735488,0.0841722515745437
2018-03-02,HC,XSGE,0.369520917303774,0.206996222003542,0.11881336735488,0.0897201386121417
2018-03-05,HC,XSGE,0.498216788346438,0.236320498079654,0.11881336735488,0.0828775852360235
2018-03-06,HC,XSGE,0.498216788346438,0.280578144800057,0.11881336735488,0.0810594711063728
2018-03-07,HC,XSGE,0.498216788346438,0.341597917200103,0.11881336735488,0.0671368736626956
2018-03-08,HC,XSGE,0.928259554278363,0.44115101590262,0.11881336735488,0.0614251470610885
2018-03-09,HC,XSGE,0.896166234729895,0.588977944905838,0.11881336735488,0.0610681791510919
2018-03-12,HC,XSGE,0.896166234729895,0.613974771055195,0.141306378124479,0.0690247697872241
2018-03-13,HC,XSGE,0.896166234729895,0.610844451047944,0.151847444816331,0.0825117411465286
2018-03-14,HC,XSGE,0.881608160003153,0.613974771055195,0.151847444816331,0.0890260359321973
2018-03-15,HC,XSGE,0.656875580919387,0.557878048712713,0.151847444816331,0.0971796938585308
2018-03-16,HC,XSGE,0.415635150439028,0.415635150439028,0.0916443553876876,0.105177041785573
2018-03-19,HC,XSGE,0.569346746286569,0.569346746286569,0.0916443553876876,0.105194717325536
2018-03-20,HC,XSGE,0.5924014297643,0.5924014297643,0.0916443553876876,0.125064538480883
2018-03-21,HC,XSGE,0.409157303907588,0.409157303907588,0.065591793156256,0.126252787783239
2018-03-22,HC,XSGE,0.49519395900551,0.49519395900551,0.115861204656607,0.117735449171572
2018-03-23,HC,XSGE,0.64138724557911,0.64138724557911,0.126028137282863,0.119016744275003
2018-03-26,HC,XSGE,0.874537234110872,0.874537234110872,0.168433032664432,0.129134079338589
2018-03-27,HC,XSGE,0.743300408851741,0.743300408851741,0.163041832881664,0.148308622034473
2018-03-28,HC,XSGE,0.485137320863765,0.485137320863765,0.146993287093598,0.147413213481818
2018-03-29,HC,XSGE,0.587417398201329,0.587417398201329,0.158216650887772,0.152551163277132
2018-03-30,HC,XSGE,0.459327639856586,0.459327639856586,0.149876038535728,0.148624133090787
2018-04-02,HC,XSGE,0.285109482527974,0.285109482527974,0.134748159515199,0.14446661506095
2018-04-03,HC,XSGE,0.669268562339599,0.669268562339599,0.184073703307117,0.174375610750661
2018-04-04,HC,XSGE,0.682820334196941,0.682820334196941,0.190043379100985,0.183574169317084
2018-04-09,HC,XSGE,0.568092720918959,0.252071592829409,0.186391382066038,0.19217216332224
2018-04-10,HC,XSGE,0.434444458006556,0.213006013194619,0.1670083894364,0.171034020387127
2018-04-11,HC,XSGE,0.417837770155248,0.223845008602829,0.170596268568273,0.187075138766096
2018-04-12,HC,XSGE,0.437768426571124,0.231295061054132,0.176492794961243,0.192159586544375
2018-04-13,HC,XSGE,0.371455275823137,0.217562662710671,0.166031911780642,0.188393474604386
2018-04-16,HC,XSGE,0.331834444898876,0.229573360128104,0.174523759528557,0.210190540138873
2018-04-17,HC,XSGE,0.12368634887198,0.219746711628579,0.151299736725132,0.219746711628579
2018-04-18,HC,XSGE,0.121930309506168,0.207798835073931,0.149010827831791,0.207798835073931
2018-04-19,HC,XSGE,-0.189770241591497,0.200238583885017,0.145608402677812,0.200238583885017
2018-04-20,HC,XSGE,-0.167911656044881,0.211715421495191,0.152915288644894,0.211715421495191
2018-04-23,HC,XSGE,-0.0242119253260714,0.212041883247596,0.151048579577969,0.212041883247596
2018-04-24,HC,XSGE,0.116804550215556,0.231484567719659,0.166125650105637,0.231484567719659
2018-04-25,HC,XSGE,0.158965798781628,0.246679429062944,0.172904392974276,0.246679429062944
2018-04-26,HC,XSGE,0.32952499749174,0.263529744291637,0.17948168259803,0.263529744291637
2018-04-27,HC,XSGE,0.328873660350061,0.261691619160152,0.179101970738327,0.261691619160152
2018-05-02,HC,XSGE,0.330262778438906,0.252488699287715,0.176828267626015,0.18852290335216
2018-05-03,HC,XSGE,0.156038998852244,0.238127139908173,0.167955218319252,0.161385779323
2018-05-04,HC,XSGE,0.114649861829103,0.246747024195053,0.16375452978556,0.16262076907192
2018-05-07,HC,XSGE,0.137950883170021,0.248095781060694,0.163981534828016,0.161249878239243
2018-05-08,HC,XSGE,0.18697646728855,0.257078033832078,0.168957265753479,0.153400422059537
2018-05-09,HC,XSGE,0.078303003009755,0.268880285666625,0.173600579336651,0.151303220712645
2018-05-10,HC,XSGE,0.0938952993131385,0.270405448250169,0.164402970959987,0.153411761757854
2018-05-11,HC,XSGE,0.11456643808022,0.238276574398306,0.154198502586582,0.160811161807442
2018-05-14,HC,XSGE,0.1496412257935,0.252615831188906,0.156315973925103,0.166608701869142
2018-05-15,HC,XSGE,0.0590205298510293,0.247246633557253,0.152823499214581,0.168212162003415
2018-05-16,HC,XSGE,0.141369536583907,0.281622860643423,0.174000959026924,0.160610615438682
2018-05-17,HC,XSGE,0.131897053944213,0.264745636165216,0.165676184722034,0.0915319854876467
2018-05-18,HC,XSGE,0.0657817087386611,0.266348995789156,0.168136239358011,0.13713792263692
2018-05-21,HC,XSGE,0.150631017818656,0.301381157045134,0.181792977633321,0.159251360007182
2018-05-22,HC,XSGE,-0.133570331833843,0.243316187869422,0.158195304767276,0.157921625525669
2018-05-23,HC,XSGE,-0.047860955559683,0.286777154335615,0.168543661132226,0.151333311699548
2018-05-24,HC,XSGE,-0.00319620310187523,0.273591849170054,0.167913715937584,0.152881922216773
2018-05-25,HC,XSGE,0.131801796865228,0.292705301018126,0.175722483097255,0.166533202819709
2018-05-28,HC,XSGE,-0.079399163032543,0.234348438803714,0.156681206283235,0.164530377643595
2018-05-29,HC,XSGE,-0.358381825351265,0.179949887060247,0.140197991138868,0.172868393096365
2018-05-30,HC,XSGE,-0.374743049379166,0.140377947039928,0.132473821783646,0.128798498479989
2018-05-31,HC,XSGE,0.18836726467572,0.276867764545656,0.186928352370679,0.135030504721475
2018-06-01,HC,XSGE,0.070704436646876,0.249358818800215,0.182941323292952,0.0927930426145787
2018-06-04,HC,XSGE,0.179039382856802,0.277657371163674,0.186314024202571,0.14539904000721
2018-06-05,HC,XSGE,0.147994561597285,0.287148539822354,0.183553774868392,0.170002858221845
2018-06-06,HC,XSGE,-0.00613012674627386,0.257193374504923,0.174706348250152,0.117044181527286
2018-06-07,HC,XSGE,-0.17661364025441,0.222870029764,0.164423101176144,0.163121357992139
2018-06-08,HC,XSGE,-0.097737772093477,0.238423951993147,0.168343616021556,0.133356898368222
2018-06-11,HC,XSGE,-0.039794391762091,0.24623059120549,0.173188078654347,0.102959511538415
2018-06-12,HC,XSGE,-0.152394935126078,0.229082136982661,0.167739551896215,0.146515938623668
2018-06-13,HC,XSGE,-0.320988509128406,0.208166504464223,0.160516475634397,0.155620300060356
2018-06-14,HC,XSGE,-0.320988509128406,0.212029024670862,0.157819973462286,0.253131572264552
2018-06-15,HC,XSGE,-0.663431855168087,0.216670478606889,0.155727243206253,0.153121318552251
2018-06-19,HC,XSGE,0.973621569730977,0.499404894407014,0.186124932900072,0.156875654163445
2018-06-20,HC,XSGE,1.01920024396307,0.47621610158728,0.182648739457527,0.172454269755108
2018-06-21,HC,XSGE,0.891380847600081,0.461094521678593,0.178271113618087,0.165180347603447
2018-06-22,HC,XSGE,0.768492664157461,0.437818322415374,0.178636900429916,0.168716825414421
2018-06-25,HC,XSGE,0.788815730867171,0.421040084743577,0.185906460001085,0.184171370788281
2018-06-26,HC,XSGE,0.819006242721622,0.437815884730277,0.205692406178972,0.202679645618154
2018-06-27,HC,XSGE,0.731566008817362,0.445133575891741,0.213071044733912,0.210368814483697
2018-06-28,HC,XSGE,1.1786154866908,0.587554156123226,0.262637558745549,0.217921865837091
2018-06-29,HC,XSGE,0.375358471659273,0.395611938459599,0.220148004771817,0.210615145908505
2018-07-02,HC,XSGE,-0.146482225287198,0.242314584469943,0.172775344114037,0.199955714593532
2018-07-03,HC,XSGE,0.0946827087116698,0.271319796691642,0.172775344114037,0.210109188945219
2018-07-04,HC,XSGE,0.347017731243832,0.341082643740194,0.188143473601782,0.211728272538123
2018-07-05,HC,XSGE,0.364779291575852,0.370080366815258,0.197954972634703,0.204637040588655
2018-07-06,HC,XSGE,0.433106496751883,0.386745107530236,0.203822756895276,0.216398950301408
2018-07-09,HC,XSGE,0.836437443237832,0.503798833593812,0.237453938077671,0.220672754248266
2018-07-10,HC,XSGE,0.574462078590115,0.434828505001347,0.237453938077671,0.229621211863114
2018-07-11,HC,XSGE,0.665073108010014,0.42565353566867,0.217880263945298,0.195080772416892
2018-07-12,HC,XSGE,0.447000595373758,0.369031626231792,0.217880263945298,0.192278867126762
2018-07-13,HC,XSGE,0.447000595373758,0.337031544169767,0.18093145235099,0.163927711026649
2018-07-16,HC,XSGE,0.447000595373758,0.323111389852602,0.18093145235099,0.190036822158339
2018-07-17,HC,XSGE,0.182067156754636,0.274039807217014,0.141865120145868,0.210081497213553
2018-07-18,HC,XSGE,0.163900803757002,0.275390147676361,0.142382673729427,0.197604025113884
2018-07-19,HC,XSGE,0.0891112182022154,0.248150393235826,0.156819537982743,0.199287538130737
2018-07-20,HC,XSGE,0.293009218035363,0.279165083851854,0.156819537982743,0.200349776508042
2018-07-23,HC,XSGE,0.262773907332438,0.33767772037157,0.173977140070939,0.18786424753814
2018-07-24,HC,XSGE,0.205115055307407,0.302505660812551,0.168628311819799,0.162200590720098
2018-07-25,HC,XSGE,0.0559396032656924,0.214416923791384,0.14647837663602,0.154516044355686
2018-07-26,HC,XSGE,0.192203568207941,0.292010999650846,0.139419833737305,0.135540574302018
2018-07-27,HC,XSGE,0.180724674065787,0.226196800839952,0.127796888731512,0.147930670568853
2018-07-30,HC,XSGE,0.0835238696083957,0.112058488475597,0.113202073099429,0.145023138028775
2018-07-31,HC,XSGE,-0.269583909417153,-0.0991661588604651,0.0795823825542863,0.152203133046353
2018-08-01,HC,XSGE,-0.101038808134012,0.0184176504462993,0.108271815805333,0.154437484712739
2018-08-02,HC,XSGE,0.146991687128513,0.157790430389323,0.122423513547602,0.143930958660408
2018-08-03,HC,XSGE,0.040348815617754,0.0918941690791279,0.108752475258873,0.135478031661795
2018-08-06,HC,XSGE,0.0479311307894415,0.0790858733057573,0.108752475258873,0.12252507802325
2018-08-07,HC,XSGE,-0.0100635527572528,0.0154524495154571,0.0910649201281192,0.107769935471742
2018-08-08,HC,XSGE,0.020155451342174,0.0436504590869447,0.105079146182562,0.102512464056729
2018-08-09,HC,XSGE,0.154649726295957,0.0947441841639093,0.105079146182562,0.105343635884987
2018-08-10,HC,XSGE,0.040348815617754,0.0847750646612592,0.105079146182562,0.0983898513888473
2018-08-13,HC,XSGE,-0.0150917936536955,0.0450638538159377,0.0991712667414366,0.114095319413401
2018-08-14,HC,XSGE,0.0277235123659671,0.0238979083026515,0.0991712667414366,0.11272563606549
2018-08-15,HC,XSGE,-0.0100635527572528,0.046477582483445,0.0991712667414366,0.107374585567934
2018-08-16,HC,XSGE,0.112134343181067,0.112134343181067,0.0928068102641217,0.112034663591929
2018-08-17,HC,XSGE,0.139661917193002,0.139661917193002,0.104199172089533,0.108208288485601
2018-08-20,HC,XSGE,0.10880779636189,0.0847609956366872,0.129565928350576,0.0777037823803777
2018-08-21,HC,XSGE,-0.0339235272585255,0.0444584555993858,0.0998486382813788,0.0674618636120336
2018-08-22,HC,XSGE,0.0370539798507098,0.064337416363034,0.0884742476693607,0.0723445118612161
2018-08-23,HC,XSGE,-0.0216717393555284,0.0725583795180629,0.0930349192761125,0.100212870926617
2018-08-24,HC,XSGE,0.0154621068194788,0.0903760578744212,0.0991164515237891,0.112361673944893
2018-08-27,HC,XSGE,-0.0433484703223144,0.0885181595005622,0.095328337069448,0.127218148687711
2018-08-28,HC,XSGE,0.0431803377074455,0.108806056609832,0.126276654502037,0.128065778461619
2018-08-29,HC,XSGE,0.0185439240580451,0.10623183969143,0.123006354983647,0.131966336670793
2018-08-30,HC,XSGE,0.0250169278306262,0.136988125214953,0.114852985508865,0.169849237490789
2018-08-31,HC,XSGE,0.081854344512775,0.157815470592603,0.123690293313843,0.180108409768205
2018-09-03,HC,XSGE,0.0599491825841036,0.153045331662079,0.120356876653375,0.180367027587136
2018-09-04,HC,XSGE,-0.0314677016354511,0.125478382796107,0.125617488618411,0.171538646705369
2018-09-05,HC,XSGE,0.0410178260165955,0.138911514737852,0.129945843121973,0.167641184253873
2018-09-06,HC,XSGE,0.00945461177495318,0.125478382796107,0.129945843121973,0.159528837334924
2018-09-07,HC,XSGE,0.0808563444471515,0.132253323318662,0.136604352417366,0.147337219291823
2018-09-10,HC,XSGE,0.0186891990852326,0.132782377050821,0.132296355770799,0.166266244497244
2018-09-11,HC,XSGE,0.0380535607177967,0.160014225269975,0.141762989148642,0.195807028997245
2018-09-12,HC,XSGE,0.130985134239526,0.211256131409683,0.184779699434047,0.234813924057447
2018-09-13,HC,XSGE,0.219146764921829,0.215397372980389,0.154208102103273,0.173677925790074
2018-09-14,HC,XSGE,0.145770716659727,0.215501427324665,0.179106855548547,0.158500718409785
2018-09-17,HC,XSGE,0.123515494891726,0.224775930311829,0.165024226893297,0.165472340274784
2018-09-18,HC,XSGE,0.153112606918401,0.25300630354482,0.157042953825384,0.171528259056766
2018-09-19,HC,XSGE,0.0719459423680887,0.243427557813657,0.156607572468332,0.165043894186557
2018-09-20,HC,XSGE,0.0802568891666096,0.267155329607268,0.164829060965138,0.159589184655269
2018-09-21,HC,XSGE,0.0771178006836501,0.285698907672539,0.160764133422071,0.155575901757869
2018-09-25,HC,XSGE,0.0717772521253926,0.299440719910083,0.164750143603788,0.15896443585269
2018-09-26,HC,XSGE,0.0497501876031494,0.337358726412559,0.164236905309259,0.155976275747626
2018-09-27,HC,XSGE,0.0525202602070063,0.324226674459453,0.164236905309259,0.164411510887144
2018-09-28,HC,XSGE,0.0865650762772485,0.379445459751465,0.177814949538647,0.144135740515958
2018-10-08,HC,XSGE,-0.0249072232817321,0.377759394607717,0.182425560427991,0.153366702403569
2018-10-09,HC,XSGE,0.0384239757504293,0.369371173943302,0.174599508469829,0.163591335671243
2018-10-10,HC,XSGE,0,0.342444410705881,0.176620080126659,0.162957149870921
2018-10-11,HC,XSGE,0.0966801383256098,0.383141526119968,0.176844502708129,0.143437173142735
2018-10-12,HC,XSGE,-0.101989438192791,0.328536844483551,0.159861865450095,0.144792852260555
2018-10-15,HC,XSGE,0.376629082422257,0.365296280601676,0.17684173712971,0.156017103762132
2018-10-16,HC,XSGE,0.131296413754409,0.358653509046634,0.162351865440673,0.170235270998424
2018-10-17,HC,XSGE,0.373742480770424,0.48150709198638,0.190851982443941,0.188204352975848
2018-10-18,HC,XSGE,0.409686980679991,0.533364807460537,0.194555606807313,0.163591335671243
2018-10-19,HC,XSGE,0.520724606158994,0.608728024832158,0.200981245310759,0.150804022518153
2018-10-22,HC,XSGE,0.44021959519135,0.556470787106397,0.196132291152831,0.16428111084621
2018-10-23,HC,XSGE,0.137194942450103,0.439252069978455,0.170157939419856,0.151653457627288
2018-10-24,HC,XSGE,0.113358404839262,0.373678232166717,0.158269918096276,0.150473546927104
2018-10-25,HC,XSGE,0.141075825309941,0.333620768383261,0.157538142761778,0.159119262793568
2018-10-26,HC,XSGE,0.164714053640616,0.354895287350544,0.165763096934742,0.170501645612104
2018-10-29,HC,XSGE,0.278282892804941,0.419628914299741,0.170699208699178,0.155686019984004
2018-10-30,HC,XSGE,0.283158249918284,0.443211664999914,0.180388052101881,0.161699866324379
2018-10-31,HC,XSGE,0.375304418876103,0.481978630802996,0.183454051078027,0.157241972844405
2018-11-01,HC,XSGE,0.169409973815895,0.40514177095593,0.164732519478596,0.150030410794279
2018-11-02,HC,XSGE,0.110122171425377,0.393944495740516,0.156914157128611,0.143807016702194
2018-11-05,HC,XSGE,-0.0947773928497164,0.320071871557901,0.14865207251326,0.153925452275023
2018-11-06,HC,XSGE,-0.0257897987020461,0.36934158381556,0.157927153060866,0.146695094337946
2018-11-07,HC,XSGE,-0.127283846827041,0.313267376888254,0.1509933205237,0.16459070651327
2018-11-08,HC,XSGE,-0.0670700513597597,0.336059891270673,0.158648230315784,0.186256641848377
2018-11-09,HC,XSGE,-0.153964199384878,0.353938397612927,0.162868222735264,0.181556898014177
2018-11-12,HC,XSGE,-0.157576140910003,0.316018178582451,0.150112530124431,0.168712372934983
2018-11-13,HC,XSGE,-0.157987956336352,0.310234828756831,0.146911467881892,0.163658370110603
2018-11-14,HC,XSGE,-0.160947927807485,0.323516979731983,0.151526678722685,0.169387088659289
2018-11-15,HC,XSGE,-0.160947927807485,0.318532717421805,0.149876150737492,0.16389171415586
2018-11-16,HC,XSGE,0.773848065784283,0.773848065784283,0.166645579298923,0.167204510218348
2018-11-19,HC,XSGE,0.97045126657631,0.97045126657631,0.181043957852595,0.149917059573174
2018-11-20,HC,XSGE,0.82673266782107,0.82673266782107,0.161232748071256,0.152722702823402
2018-11-21,HC,XSGE,0.843606910963537,0.843606910963537,0.15320690397781,0.150495654752269
2018-11-22,HC,XSGE,0.624686477030328,0.624686477030328,0.150326229268235,0.17306525675264
2018-11-23,HC,XSGE,0.736002736621597,0.736002736621597,0.181752993734694,0.16340358812733
2018-11-26,HC,XSGE,0.904596199997715,0.904596199997715,0.146150333688782,0.18790177860655
2018-11-27,HC,XSGE,0.726156752513375,0.726156752513375,0.129328578101678,0.213796843500195
2018-11-28,HC,XSGE,0.876935186869904,0.347213900405766,0.175504258290189,0.219197922843599
2018-11-29,HC,XSGE,0.843985567257934,0.337289666744172,0.179975084731058,0.214838157453346
2018-11-30,HC,XSGE,0.751003794252309,0.340529955114358,0.190537777645662,0.24133211065602
2018-12-03,HC,XSGE,0.458749654925929,0.296321992162109,0.183788177375378,0.257068640327519
2018-12-04,HC,XSGE,0.454575417795828,0.319065638142847,0.180600857584932,0.286317441393377
2018-12-05,HC,XSGE,0.361090511063002,0.294827831384946,0.180133712216796,0.278814350462749
2018-12-06,HC,XSGE,0.147128737112796,0.257362382953705,0.166005532562175,0.284002180698592
2018-12-07,HC,XSGE,0.202316359198689,0.267679877752492,0.166005532562175,0.283476061402994
2018-12-10,HC,XSGE,0.198860034339245,0.270635732626398,0.166005532562175,0.287981526379126
2018-12-11,HC,XSGE,0.114310632342093,0.264818527418158,0.151092430458994,0.301191268728207
2018-12-12,HC,XSGE,0.129932113455822,0.258097907483938,0.166005532562175,0.2890713077074
2018-12-13,HC,XSGE,-0.0881343163160147,0.202818098352579,0.115485249895216,0.273131598564156
2018-12-14,HC,XSGE,0.370598585231226,0.279344046124884,0.168490789315422,0.257290865840851
2018-12-17,HC,XSGE,0.357173296601999,0.280767028697303,0.168490789315422,0.262302180620335
2018-12-18,HC,XSGE,0.341212424775275,0.266283993121716,0.134821645794083,0.266283993121716
2018-12-19,HC,XSGE,0.265167308485653,0.272293135400206,0.142357817953783,0.272293135400206
2018-12-20,HC,XSGE,0.236469192196805,0.262607692758963,0.142357817953783,0.262607692758963
2018-12-21,HC,XSGE,0.140934974274686,0.262759248506322,0.14524252241571,0.262759248506322
2018-12-24,HC,XSGE,0.138744111098485,0.270849944889688,0.13772634556514,0.270849944889688
2018-12-25,HC,XSGE,0.184622118911488,0.298971770985709,0.129573591682229,0.129101565762851
2018-12-26,HC,XSGE,0.188493353900109,0.297361587641972,0.125767547477535,0.130243087477757
2018-12-27,HC,XSGE,0.217631953323469,0.312018322920967,0.125180820355761,0.130962250448616
2018-12-28,HC,XSGE,0.225813372940601,0.295354442523985,0.116933291737612,0.126725852144963
2019-01-02,HC,XSGE,0.195049080221323,0.30275522180725,0.118714445315254,0.12517846810102
2019-01-03,HC,XSGE,0.133410833294,0.273563052655334,0.114829053979477,0.129701265984418
2019-01-04,HC,XSGE,0.0719136766570392,0.229883406749274,0.107016456189776,0.131002436944305
2019-01-07,HC,XSGE,0.136910769942541,0.217757487569811,0.11303111258336,0.13047351048484
2019-01-08,HC,XSGE,0.205796387257923,0.205017171203814,0.113930454143959,0.128321118517611
2019-01-09,HC,XSGE,0.182802351889724,0.181890610314044,0.113630756098111,0.122953152331927
2019-01-10,HC,XSGE,0.052358923630394,0.154863057411323,0.10490345769635,0.115524838299923
2019-01-11,HC,XSGE,0.114551778945606,0.16688615209471,0.107619418152484,0.112772447740992
2019-01-14,HC,XSGE,0.147077196171642,0.156679607848679,0.110629232880864,0.109165099735659
2019-01-15,HC,XSGE,0.161631753474387,0.148276470973845,0.101271613537509,0.105443228877152
2019-01-16,HC,XSGE,0.270084059543033,0.159743220262044,0.124387617351629,0.0988668255893221
2019-01-17,HC,XSGE,0.28003176492156,0.142357700215453,0.121405171675267,0.0994299515585338
2019-01-18,HC,XSGE,0.403387621608543,0.135118925616124,0.121887357507659,0.0997204333040382
2019-01-21,HC,XSGE,0.403387621608543,0.105871022480218,0.112787539924076,0.0968772692441967
2019-01-22,HC,XSGE,0.403387621608543,0.0479936352119642,0.101767469686595,0.105953881369385
2019-01-23,HC,XSGE,0.404494866258707,0.0878560560607154,0.11537346798324,0.109829333064926
2019-01-24,HC,XSGE,0.404834404539964,0.0626137901993043,0.112133116869362,0.116928741070052
2019-01-25,HC,XSGE,0.404128683160424,0.0506109705082061,0.113188650890032,0.117382466373692
2019-01-28,HC,XSGE,0.405926598551175,0.0394829967035372,0.110065642253412,0.120354373787884
2019-01-29,HC,XSGE,0.403013052044549,0.113016895321832,0.124786269344249,0.119596475108222
2019-01-30,HC,XSGE,0.404323810768286,0.0862483013942955,0.121062613297652,0.119491633592343
2019-01-31,HC,XSGE,0.404323810768286,0.119207487869843,0.127018019705319,0.118387003984978
2019-02-01,HC,XSGE,0.404323810768286,0.0817229231745631,0.122383235055053,0.12350901904168
2019-02-11,HC,XSGE,-0.0982772560073546,-0.0495776519262525,0.0975603231609692,0.132277410106763
2019-02-12,HC,XSGE,-0.0982772560073546,0.016659969811694,0.105338394225746,0.11811102866921
2019-02-13,HC,XSGE,0.351871815170045,0.203040222159054,0.152876533557108,0.11944016370309
2019-02-14,HC,XSGE,0.24936239345654,0.22287571614537,0.153841613950207,0.11265263292019
2019-02-15,HC,XSGE,0.24936239345654,0.259503354267294,0.16649469439887,0.119305905292489
2019-02-18,HC,XSGE,0,0.21404397082129,0.116719466618734,0.121773017694977
2019-02-19,HC,XSGE,0,0.116693750483215,0.116719466618734,0.1266287268921
2019-02-20,HC,XSGE,0.307170295831262,0.167646346042594,0.116719466618734,0.131215172660579
2019-02-21,HC,XSGE,0.14618619724348,0.090564422684627,0.116719466618734,0.134295513697299
2019-02-22,HC,XSGE,0.14618619724348,0.0613046746128254,0.116719466618734,0.13293806190135
2019-02-25,HC,XSGE,0.14618619724348,0.0305738259885339,0.122528992396038,0.130878506419757
2019-02-26,HC,XSGE,0.14618619724348,0.0176815903361325,0.115432706782054,0.132623612383314
2019-02-27,HC,XSGE,0.417802335574834,0.118804827182658,0.140270760729759,0.139211651947009
2019-02-28,HC,XSGE,0.589378319560905,0.193213690738642,0.155960599973323,0.145661910759355
2019-03-01,HC,XSGE,0.427411134097362,0.129692854740377,0.129287906633581,0.15010489582021
2019-03-04,HC,XSGE,0.273866580520137,0.099755063626717,0.129287906633581,0.144666531132702
2019-03-05,HC,XSGE,0.273866580520137,0.158193813106409,0.129287906633581,0.142769266909304
2019-03-06,HC,XSGE,0.273866580520137,0.193213690738642,0.134317737282478,0.143633033884384
2019-03-07,HC,XSGE,0.602176357286577,0.220415585821614,0.134317737282478,0.142270723375055
2019-03-08,HC,XSGE,0.782825062226296,0.244520385000491,0.165324638240402,0.141499733902586
2019-03-11,HC,XSGE,0.76009181703454,0.293023270606161,0.165324638240402,0.154395959086402
2019-03-12,HC,XSGE,0.76009181703454,0.19002158260352,0.165324638240402,0.169366856650544
2019-03-13,HC,XSGE,0.342557376796873,0.17408653574923,0.161439981596412,0.164817445701075
2019-03-14,HC,XSGE,0.544694419447307,0.228439734211175,0.170200251848169,0.165002470530001
2019-03-15,HC,XSGE,0.547880508912929,0.307651135834048,0.177391327648259,0.158250343522119
2019-03-18,HC,XSGE,-0.122312310275635,-0.122312310275635,0.118681279233615,0.166249822611585
2019-03-19,HC,XSGE,-0.0230211358497954,-0.0230211358497954,0.128720634136587,0.167445607707565
2019-03-20,HC,XSGE,0.0720504573114669,0.0720504573114669,0.137502488946066,0.16878094460029
2019-03-21,HC,XSGE,0.0523579793139713,0.0523579793139713,0.131891884979289,0.166428757880028
2019-03-22,HC,XSGE,-0.112349159725691,-0.112349159725691,0.113960242280226,0.163485487522404
2019-03-25,HC,XSGE,0.415329216488924,0.415329216488924,0.157249863475043,0.164082368220819
2019-03-26,HC,XSGE,0.105970548352422,0.105970548352422,0.131265811599091,0.171682018490226
2019-03-27,HC,XSGE,0.459051105385813,0.459051105385813,0.167788218009067,0.178946367432449
2019-03-28,HC,XSGE,0.229072572727784,0.229072572727784,0.151318307916485,0.188631622938683
2019-03-29,HC,XSGE,0.150046584475509,0.150046584475509,0.147996257854074,0.196427970102394
2019-04-01,HC,XSGE,0.00648543014646237,0.00648543014646237,0.136120299046243,0.188514817838643
2019-04-02,HC,XSGE,-0.0388401500375094,-0.0388401500375094,0.130557020761254,0.185044985787478
2019-04-03,HC,XSGE,-0.148218640973363,-0.148218640973363,0.130557020761254,0.178581469598422
2019-04-04,HC,XSGE,-0.231202523361657,-0.231202523361657,0.125671795062341,0.181355635048752
2019-04-08,HC,XSGE,-0.526585488619442,-0.526585488619442,0.0804819307090621,0.173564751857653
2019-04-09,HC,XSGE,-0.619366822844826,0.0353878487913633,0.0804819307090621,0.163771117739636
2019-04-10,HC,XSGE,-0.560687519694152,0.0456927459120918,0.0870476436018857,0.164590837207434
2019-04-11,HC,XSGE,-0.566877632606445,0.0402624797777326,0.0820416000707527,0.159309560637375
2019-04-12,HC,XSGE,-0.631684380633589,0.0348469577998137,0.0770585201227738,0.165539377100481
2019-04-15,HC,XSGE,-0.741984808706362,0.00958913154293714,0.0558270392696959,0.156956570807506
2019-04-16,HC,XSGE,-0.0194167428984581,0.165489206984584,0.120713197432958,0.165489206984584
2019-04-17,HC,XSGE,-0.0333402093005136,0.173610208688255,0.118256408921468,0.173610208688255
2019-04-18,HC,XSGE,-0.00839302384571046,0.17920934719516,0.140041714001036,0.17920934719516
2019-04-19,HC,XSGE,-0.0168222177835798,0.175118232685331,0.148605298053579,0.175118232685331
2019-04-22,HC,XSGE,0.00276273413715732,0.172946785908013,0.165557867231236,0.172946785908013
2019-04-23,HC,XSGE,-0.0221212194949575,0.175232648632992,0.164017374054966,0.175232648632992
2019-04-24,HC,XSGE,-0.0805219009456722,0.181653218175564,0.156652535514301,0.181653218175564
2019-04-25,HC,XSGE,-0.0277556132115405,0.186310707113094,0.159659055174502,0.186310707113094
2019-04-26,HC,XSGE,-0.0194216135250656,0.192649188584308,0.160477573000852,0.192649188584308
2019-04-29,HC,XSGE,-0.0607272135257265,0.184889742841841,0.164017374054966,0.184889742841841
2019-04-30,HC,XSGE,-0.111326543982369,0.170147018009357,0.179403304721187,0.241638700431239
2019-05-06,HC,XSGE,0.0218211780974437,0.209340021068567,0.181010271765429,0.238587992111458
2019-05-07,HC,XSGE,-0.0594948459755566,0.205078545528051,0.192373344728653,0.240322861853969
2019-05-08,HC,XSGE,0.0407990357868594,0.229717397557966,0.19104093989608,0.237506989508234
2019-05-09,HC,XSGE,0.073330253533771,0.26071022613428,0.194235970210509,0.22734324078479
2019-05-10,HC,XSGE,0.203151408123054,0.274554158264639,0.195267035178889,0.227850091201311
2019-05-13,HC,XSGE,0.152038216066411,0.282440054197085,0.203260641285505,0.232024872374513
2019-05-14,HC,XSGE,0.173276745809257,0.282089565277731,0.196932517056411,0.233710387331186
2019-05-15,HC,XSGE,0.13729826324373,0.277456647632124,0.196932517056411,0.241415130807034
2019-05-16,HC,XSGE,0.554371068684008,0.294379245183633,0.217861276281691,0.229911774467606
2019-05-17,HC,XSGE,0.599791721903768,0.270917685348076,0.210074403443829,0.232986189072451
2019-05-20,HC,XSGE,0.518572055511541,0.2785168803067,0.21218748772229,0.232784581291788
2019-05-21,HC,XSGE,0.520646513345834,0.288104741069966,0.216869763981506,0.228791974353156
2019-05-22,HC,XSGE,0.632514307883737,0.261960459685543,0.207360518666273,0.222549164593701
2019-05-23,HC,XSGE,0.714999024913646,0.299879935978938,0.220131656005888,0.21946594903104
2019-05-24,HC,XSGE,0.714999024913646,0.33098444097939,0.231896664443529,0.221785990096091
2019-05-27,HC,XSGE,0.746585457343298,0.327677760357395,0.225717006763452,0.210824120227733
2019-05-28,HC,XSGE,0.683335870444991,0.345891842679419,0.228249042116641,0.197246889049238
2019-05-29,HC,XSGE,0.6611258127417,0.349008727952149,0.228681837203981,0.197799475158217
2019-05-30,HC,XSGE,0.323352443050876,0.271857508918283,0.201597104891107,0.20019112960166
2019-05-31,HC,XSGE,0.324529601623141,0.25060352822043,0.191372712635822,0.199307043990141
2019-06-03,HC,XSGE,0.324529601623141,0.264028837372293,0.195682184162979,0.195599408086457
2019-06-04,HC,XSGE,0.324529601623141,0.289362132065895,0.19934194080536,0.192629644317413
